,Year,Average_Temp,State,percipitation
0,1990,64.9,Alabama,56.87
1,1991,64.0,Alabama,63.25
2,1992,62.1,Alabama,59.79
3,1993,62.3,Alabama,50.28
4,1994,63.0,Alabama,60.33
5,1995,63.0,Alabama,59.57
6,1996,62.1,Alabama,58.33
7,1997,62.4,Alabama,62.96
8,1998,65.1,Alabama,59.26
9,1999,64.1,Alabama,49.01
10,2000,63.6,Alabama,42.49
11,2001,63.0,Alabama,59.04
12,2002,63.6,Alabama,57.13
13,2003,62.7,Alabama,63.72
14,2004,63.3,Alabama,59.88
15,2005,63.4,Alabama,57.08
16,2006,64.2,Alabama,47.54
17,2007,64.4,Alabama,37.86
18,2008,62.9,Alabama,53.07
19,2009,62.9,Alabama,73.77
20,2010,62.7,Alabama,47.19
21,2011,63.8,Alabama,50.71
22,2012,64.9,Alabama,53.38
23,2013,62.6,Alabama,64.70
24,2014,62.0,Alabama,56.03
25,2015,64.6,Alabama,61.36
26,2016,65.3,Alabama,45.01
27,2017,65.0,Alabama,64.19
28,2018,64.5,Alabama,64.40
29,2019,65.4,Alabama,56.30
30,2020,64.9,Alabama,68.67
31,1990,59.7,Arizona,14.08
32,1991,59.2,Arizona,12.91
33,1992,59.6,Arizona,18.15
34,1993,59.8,Arizona,16.77
35,1994,60.6,Arizona,12.45
36,1995,61.0,Arizona,11.44
37,1996,61.9,Arizona,8.74
38,1997,60.5,Arizona,12.71
39,1998,59.3,Arizona,14.44
40,1999,60.8,Arizona,10.37
41,2000,61.7,Arizona,11.13
42,2001,61.2,Arizona,10.79
43,2002,61.2,Arizona,6.97
44,2003,61.9,Arizona,10.51
45,2004,60.4,Arizona,13.52
46,2005,61.1,Arizona,13.09
47,2006,61.1,Arizona,9.76
48,2007,61.6,Arizona,10.99
49,2008,60.6,Arizona,12.31
50,2009,61.1,Arizona,7.03
51,2010,60.4,Arizona,13.91
52,2011,60.3,Arizona,9.63
53,2012,62.1,Arizona,9.56
54,2013,60.4,Arizona,12.13
55,2014,62.2,Arizona,11.07
56,2015,61.8,Arizona,14.39
57,2016,62.2,Arizona,12.28
58,2017,63.0,Arizona,9.47
59,2018,62.3,Arizona,11.67
60,2019,60.3,Arizona,14.69
61,2020,62.6,Arizona,6.56
62,1990,61.8,Arkansas,66.91
63,1991,61.3,Arkansas,61.52
64,1992,59.9,Arkansas,48.26
65,1993,59.3,Arkansas,52.04
66,1994,60.4,Arkansas,54.39
67,1995,60.5,Arkansas,42.84
68,1996,59.6,Arkansas,51.75
69,1997,59.7,Arkansas,51.93
70,1998,63.1,Arkansas,49.17
71,1999,62.1,Arkansas,43.80
72,2000,60.9,Arkansas,45.70
73,2001,61.2,Arkansas,55.41
74,2002,60.6,Arkansas,52.83
75,2003,60.3,Arkansas,44.84
76,2004,61.0,Arkansas,57.02
77,2005,62.0,Arkansas,35.75
78,2006,62.0,Arkansas,49.33
79,2007,61.8,Arkansas,46.70
80,2008,59.9,Arkansas,60.48
81,2009,59.9,Arkansas,72.20
82,2010,61.2,Arkansas,38.79
83,2011,61.8,Arkansas,55.84
84,2012,63.6,Arkansas,39.81
85,2013,59.6,Arkansas,54.24
86,2014,58.7,Arkansas,47.91
87,2015,61.4,Arkansas,67.31
88,2016,62.8,Arkansas,50.44
89,2017,62.5,Arkansas,50.26
90,2018,61.2,Arkansas,64.32
91,2019,61.2,Arkansas,65.65
92,2020,61.1,Arkansas,63.82
93,1990,58.0,California,13.99
94,1991,58.1,California,19.79
95,1992,59.3,California,23.23
96,1993,57.7,California,26.70
97,1994,58.0,California,17.54
98,1995,58.9,California,35.20
99,1996,59.6,California,32.51
100,1997,59.1,California,20.60
101,1998,56.7,California,36.41
102,1999,58.0,California,17.63
103,2000,58.8,California,21.43
104,2001,59.1,California,23.02
105,2002,58.8,California,18.68
106,2003,59.4,California,21.63
107,2004,58.9,California,21.76
108,2005,58.6,California,30.10
109,2006,58.6,California,23.61
110,2007,58.9,California,13.83
111,2008,58.9,California,17.85
112,2009,58.8,California,17.05
113,2010,57.7,California,31.18
114,2011,57.4,California,18.79
115,2012,59.5,California,23.45
116,2013,59.3,California,7.93
117,2014,61.4,California,19.90
118,2015,60.8,California,15.04
119,2016,60.1,California,25.73
120,2017,60.3,California,28.17
121,2018,60.1,California,18.09
122,2019,58.4,California,29.12
123,2020,60.5,California,12.07
124,1990,45.6,Colorado,19.90
125,1991,45.0,Colorado,18.65
126,1992,45.3,Colorado,18.53
127,1993,43.8,Colorado,19.90
128,1994,46.5,Colorado,17.13
129,1995,45.7,Colorado,21.79
130,1996,45.8,Colorado,19.85
131,1997,44.8,Colorado,22.24
132,1998,46.2,Colorado,18.77
133,1999,46.6,Colorado,20.03
134,2000,47.0,Colorado,16.91
135,2001,46.8,Colorado,16.81
136,2002,46.1,Colorado,11.85
137,2003,47.0,Colorado,16.44
138,2004,45.8,Colorado,18.93
139,2005,46.8,Colorado,18.95
140,2006,46.5,Colorado,18.67
141,2007,46.2,Colorado,18.71
142,2008,44.9,Colorado,17.46
143,2009,45.2,Colorado,18.79
144,2010,46.2,Colorado,18.19
145,2011,45.4,Colorado,17.62
146,2012,48.3,Colorado,12.31
147,2013,45.1,Colorado,18.79
148,2014,46.1,Colorado,19.14
149,2015,47.4,Colorado,21.73
150,2016,47.3,Colorado,17.08
151,2017,47.9,Colorado,18.91
152,2018,47.2,Colorado,14.96
153,2019,45.3,Colorado,18.91
154,2020,47.3,Colorado,12.23
155,1990,51.1,Connecticut,55.68
156,1991,51.0,Connecticut,47.77
157,1992,47.7,Connecticut,48.79
158,1993,48.6,Connecticut,45.75
159,1994,48.9,Connecticut,50.41
160,1995,49.0,Connecticut,42.29
161,1996,48.4,Connecticut,60.30
162,1997,48.6,Connecticut,42.68
163,1998,51.6,Connecticut,50.08
164,1999,50.8,Connecticut,49.15
165,2000,48.5,Connecticut,48.74
166,2001,50.2,Connecticut,39.54
167,2002,50.5,Connecticut,47.42
168,2003,48.2,Connecticut,56.12
169,2004,48.8,Connecticut,48.61
170,2005,49.5,Connecticut,54.68
171,2006,51.1,Connecticut,57.01
172,2007,49.5,Connecticut,45.54
173,2008,49.7,Connecticut,59.53
174,2009,48.8,Connecticut,50.50
175,2010,51.4,Connecticut,48.54
176,2011,50.9,Connecticut,63.69
177,2012,52.5,Connecticut,39.39
178,2013,49.8,Connecticut,43.39
179,2014,48.7,Connecticut,45.01
180,2015,49.8,Connecticut,37.08
181,2016,51.8,Connecticut,36.73
182,2017,50.9,Connecticut,44.10
183,2018,50.8,Connecticut,62.16
184,2019,49.8,Connecticut,53.91
185,2020,51.8,Connecticut,43.37
186,1990,57.2,Delaware,43.03
187,1991,56.9,Delaware,41.84
188,1992,53.9,Delaware,40.54
189,1993,54.8,Delaware,44.44
190,1994,55.0,Delaware,47.31
191,1995,55.1,Delaware,38.39
192,1996,54.0,Delaware,57.90
193,1997,54.8,Delaware,41.11
194,1998,57.4,Delaware,41.54
195,1999,56.5,Delaware,45.64
196,2000,54.7,Delaware,46.19
197,2001,56.1,Delaware,39.22
198,2002,57.2,Delaware,46.47
199,2003,54.6,Delaware,57.82
200,2004,55.8,Delaware,44.71
201,2005,55.7,Delaware,46.87
202,2006,57.3,Delaware,46.76
203,2007,56.3,Delaware,38.40
204,2008,56.3,Delaware,42.61
205,2009,55.4,Delaware,55.94
206,2010,56.7,Delaware,40.56
207,2011,57.4,Delaware,44.56
208,2012,58.5,Delaware,39.32
209,2013,55.8,Delaware,50.75
210,2014,54.7,Delaware,45.00
211,2015,56.4,Delaware,46.27
212,2016,57.4,Delaware,45.67
213,2017,57.6,Delaware,44.53
214,2018,57.1,Delaware,60.02
215,2019,57.5,Delaware,41.02
216,2020,58.0,Delaware,55.92
217,1990,72.5,Florida,42.61
218,1991,71.8,Florida,62.61
219,1992,70.3,Florida,56.18
220,1993,70.3,Florida,49.91
221,1994,71.6,Florida,64.78
222,1995,70.8,Florida,59.10
223,1996,69.9,Florida,53.96
224,1997,71.1,Florida,59.65
225,1998,72.5,Florida,57.05
226,1999,71.2,Florida,49.69
227,2000,70.6,Florida,40.29
228,2001,70.9,Florida,52.21
229,2002,71.3,Florida,58.49
230,2003,70.9,Florida,58.77
231,2004,70.8,Florida,57.22
232,2005,70.8,Florida,59.48
233,2006,71.4,Florida,41.00
234,2007,71.8,Florida,43.72
235,2008,70.8,Florida,53.13
236,2009,71.2,Florida,53.77
237,2010,69.2,Florida,48.12
238,2011,71.7,Florida,46.77
239,2012,71.9,Florida,55.09
240,2013,71.7,Florida,56.87
241,2014,70.6,Florida,59.13
242,2015,73.4,Florida,52.86
243,2016,72.5,Florida,53.41
244,2017,72.8,Florida,58.63
245,2018,72.3,Florida,60.52
246,2019,73.2,Florida,52.10
247,2020,73.2,Florida,57.98
248,1990,65.7,Georgia,44.85
249,1991,64.5,Georgia,57.84
250,1992,62.7,Georgia,58.74
251,1993,63.2,Georgia,45.86
252,1994,63.6,Georgia,61.23
253,1995,63.5,Georgia,49.67
254,1996,62.6,Georgia,48.70
255,1997,63.2,Georgia,57.29
256,1998,65.7,Georgia,52.90
257,1999,64.5,Georgia,40.86
258,2000,63.3,Georgia,41.38
259,2001,63.9,Georgia,41.80
260,2002,64.4,Georgia,49.72
261,2003,63.3,Georgia,57.23
262,2004,64.0,Georgia,52.16
263,2005,63.8,Georgia,54.74
264,2006,64.5,Georgia,39.00
265,2007,64.8,Georgia,38.07
266,2008,63.5,Georgia,46.99
267,2009,63.4,Georgia,61.48
268,2010,63.0,Georgia,43.04
269,2011,64.6,Georgia,40.11
270,2012,65.5,Georgia,42.02
271,2013,63.4,Georgia,63.49
272,2014,63.0,Georgia,51.41
273,2015,65.3,Georgia,55.74
274,2016,65.8,Georgia,40.90
275,2017,65.8,Georgia,49.80
276,2018,65.1,Georgia,60.80
277,2019,66.2,Georgia,47.89
278,2020,65.6,Georgia,60.46
279,1990,43.5,Idaho,23.41
280,1991,43.3,Idaho,22.42
281,1992,45.0,Idaho,18.96
282,1993,40.9,Idaho,24.08
283,1994,44.3,Idaho,20.39
284,1995,43.6,Idaho,31.11
285,1996,43.2,Idaho,32.10
286,1997,43.2,Idaho,25.28
287,1998,44.3,Idaho,28.95
288,1999,43.6,Idaho,22.64
289,2000,43.9,Idaho,20.89
290,2001,44.2,Idaho,19.13
291,2002,43.0,Idaho,18.98
292,2003,45.4,Idaho,22.56
293,2004,44.2,Idaho,23.18
294,2005,43.6,Idaho,24.58
295,2006,44.2,Idaho,26.38
296,2007,44.8,Idaho,19.56
297,2008,42.5,Idaho,21.97
298,2009,42.8,Idaho,22.88
299,2010,43.3,Idaho,26.14
300,2011,42.4,Idaho,24.69
301,2012,45.1,Idaho,25.71
302,2013,43.7,Idaho,17.64
303,2014,45.1,Idaho,26.47
304,2015,46.4,Idaho,22.52
305,2016,45.1,Idaho,24.88
306,2017,44.3,Idaho,28.83
307,2018,44.5,Idaho,21.88
308,2019,43.0,Idaho,23.41
309,2020,44.3,Idaho,22.19
310,1990,53.6,Illinois,49.94
311,1991,53.7,Illinois,36.12
312,1992,51.9,Illinois,35.81
313,1993,50.9,Illinois,51.18
314,1994,52.0,Illinois,35.51
315,1995,51.6,Illinois,38.91
316,1996,50.1,Illinois,38.82
317,1997,51.0,Illinois,35.10
318,1998,55.2,Illinois,44.49
319,1999,53.5,Illinois,35.71
320,2000,52.2,Illinois,39.77
321,2001,53.4,Illinois,39.65
322,2002,53.2,Illinois,39.06
323,2003,51.7,Illinois,37.78
324,2004,52.6,Illinois,39.97
325,2005,53.7,Illinois,31.43
326,2006,54.0,Illinois,40.64
327,2007,53.7,Illinois,36.69
328,2008,50.9,Illinois,50.17
329,2009,51.4,Illinois,50.96
330,2010,52.9,Illinois,40.68
331,2011,53.1,Illinois,46.10
332,2012,55.8,Illinois,30.11
333,2013,51.1,Illinois,42.49
334,2014,49.5,Illinois,41.29
335,2015,52.9,Illinois,48.80
336,2016,54.7,Illinois,39.75
337,2017,54.4,Illinois,37.80
338,2018,52.5,Illinois,45.79
339,2019,52.1,Illinois,49.86
340,2020,53.3,Illinois,41.94
341,1990,53.3,Indiana,53.54
342,1991,53.7,Indiana,36.31
343,1992,51.3,Indiana,40.34
344,1993,50.8,Indiana,48.59
345,1994,51.5,Indiana,35.56
346,1995,51.5,Indiana,38.26
347,1996,50.0,Indiana,47.67
348,1997,50.5,Indiana,39.80
349,1998,55.0,Indiana,44.88
350,1999,53.2,Indiana,35.04
351,2000,51.6,Indiana,43.40
352,2001,53.2,Indiana,43.96
353,2002,53.1,Indiana,42.19
354,2003,51.1,Indiana,46.40
355,2004,52.2,Indiana,43.40
356,2005,52.8,Indiana,40.89
357,2006,53.4,Indiana,51.02
358,2007,53.3,Indiana,41.79
359,2008,51.0,Indiana,49.69
360,2009,51.3,Indiana,46.06
361,2010,52.6,Indiana,37.39
362,2011,53.1,Indiana,55.20
363,2012,55.1,Indiana,33.82
364,2013,51.2,Indiana,45.14
365,2014,49.4,Indiana,43.57
366,2015,52.3,Indiana,47.51
367,2016,54.2,Indiana,43.38
368,2017,54.0,Indiana,45.61
369,2018,52.6,Indiana,50.03
370,2019,52.4,Indiana,49.52
371,2020,53.3,Indiana,42.40
372,1990,49.5,Iowa,38.91
373,1991,48.6,Iowa,37.74
374,1992,47.8,Iowa,36.21
375,1993,45.7,Iowa,47.88
376,1994,47.5,Iowa,29.55
377,1995,47.3,Iowa,32.26
378,1996,45.2,Iowa,33.66
379,1997,47.1,Iowa,29.21
380,1998,50.9,Iowa,39.57
381,1999,49.7,Iowa,32.28
382,2000,48.6,Iowa,29.73
383,2001,49.1,Iowa,34.59
384,2002,49.2,Iowa,29.48
385,2003,47.9,Iowa,28.69
386,2004,48.5,Iowa,35.41
387,2005,49.6,Iowa,29.84
388,2006,50.4,Iowa,32.40
389,2007,48.9,Iowa,42.41
390,2008,45.9,Iowa,42.92
391,2009,46.7,Iowa,39.15
392,2010,48.2,Iowa,44.05
393,2011,48.4,Iowa,31.83
394,2012,52.1,Iowa,25.61
395,2013,46.7,Iowa,34.44
396,2014,45.5,Iowa,38.69
397,2015,49.3,Iowa,42.53
398,2016,50.7,Iowa,38.10
399,2017,50.0,Iowa,32.36
400,2018,47.5,Iowa,45.08
401,2019,46.8,Iowa,41.63
402,2020,49.2,Iowa,29.28
403,1990,55.5,Kansas,27.93
404,1991,55.7,Kansas,23.15
405,1992,54.2,Kansas,33.79
406,1993,51.9,Kansas,38.47
407,1994,54.9,Kansas,25.00
408,1995,53.9,Kansas,29.68
409,1996,53.1,Kansas,30.76
410,1997,53.7,Kansas,30.29
411,1998,56.3,Kansas,32.31
412,1999,56.0,Kansas,30.26
413,2000,55.5,Kansas,25.48
414,2001,55.9,Kansas,27.75
415,2002,55.2,Kansas,22.44
416,2003,55.0,Kansas,25.11
417,2004,55.1,Kansas,30.91
418,2005,55.9,Kansas,29.60
419,2006,56.9,Kansas,24.73
420,2007,55.1,Kansas,33.26
421,2008,53.6,Kansas,33.34
422,2009,53.6,Kansas,31.80
423,2010,55.3,Kansas,27.84
424,2011,55.2,Kansas,24.17
425,2012,58.2,Kansas,19.29
426,2013,53.7,Kansas,29.03
427,2014,53.7,Kansas,25.43
428,2015,56.3,Kansas,32.78
429,2016,57.2,Kansas,30.68
430,2017,56.5,Kansas,29.03
431,2018,54.6,Kansas,31.85
432,2019,53.8,Kansas,36.03
433,2020,55.6,Kansas,25.85
434,1990,57.3,Kentucky,55.41
435,1991,57.4,Kentucky,46.03
436,1992,55.1,Kentucky,42.79
437,1993,55.0,Kentucky,46.87
438,1994,55.4,Kentucky,48.66
439,1995,55.4,Kentucky,47.95
440,1996,54.4,Kentucky,56.75
441,1997,54.5,Kentucky,49.05
442,1998,58.2,Kentucky,49.32
443,1999,57.3,Kentucky,38.09
444,2000,55.7,Kentucky,45.29
445,2001,56.6,Kentucky,45.43
446,2002,56.8,Kentucky,53.51
447,2003,55.2,Kentucky,55.98
448,2004,56.4,Kentucky,55.94
449,2005,56.8,Kentucky,39.80
450,2006,56.8,Kentucky,52.37
451,2007,57.7,Kentucky,41.86
452,2008,55.4,Kentucky,46.51
453,2009,55.4,Kentucky,54.35
454,2010,56.0,Kentucky,43.54
455,2011,56.9,Kentucky,64.35
456,2012,58.4,Kentucky,43.21
457,2013,55.0,Kentucky,55.78
458,2014,54.3,Kentucky,47.11
459,2015,56.6,Kentucky,58.31
460,2016,57.9,Kentucky,49.19
461,2017,57.8,Kentucky,50.26
462,2018,57.0,Kentucky,63.74
463,2019,57.5,Kentucky,61.32
464,2020,57.1,Kentucky,58.11
465,1990,67.8,Louisiana,58.77
466,1991,66.9,Louisiana,79.48
467,1992,65.8,Louisiana,66.56
468,1993,65.6,Louisiana,58.94
469,1994,66.5,Louisiana,59.07
470,1995,66.8,Louisiana,62.33
471,1996,66.2,Louisiana,53.08
472,1997,66.0,Louisiana,64.31
473,1998,68.6,Louisiana,62.98
474,1999,67.8,Louisiana,47.84
475,2000,67.2,Louisiana,47.80
476,2001,66.7,Louisiana,68.31
477,2002,66.6,Louisiana,64.27
478,2003,66.4,Louisiana,51.95
479,2004,67.1,Louisiana,72.48
480,2005,67.5,Louisiana,45.57
481,2006,67.8,Louisiana,55.40
482,2007,67.4,Louisiana,52.42
483,2008,66.6,Louisiana,56.13
484,2009,66.8,Louisiana,64.04
485,2010,66.5,Louisiana,41.76
486,2011,67.7,Louisiana,43.01
487,2012,68.7,Louisiana,62.88
488,2013,66.2,Louisiana,61.43
489,2014,65.1,Louisiana,55.94
490,2015,68.1,Louisiana,67.31
491,2016,68.7,Louisiana,67.08
492,2017,68.7,Louisiana,64.06
493,2018,67.8,Louisiana,66.39
494,2019,67.7,Louisiana,61.87
495,2020,68.2,Louisiana,66.96
496,1990,42.4,Maine,51.18
497,1991,41.7,Maine,44.24
498,1992,39.8,Maine,37.50
499,1993,40.0,Maine,43.61
500,1994,40.4,Maine,41.68
501,1995,40.9,Maine,42.72
502,1996,41.0,Maine,51.39
503,1997,39.8,Maine,39.51
504,1998,43.5,Maine,45.24
505,1999,43.8,Maine,46.35
506,2000,40.9,Maine,43.15
507,2001,42.7,Maine,29.83
508,2002,41.7,Maine,40.98
509,2003,40.4,Maine,46.02
510,2004,40.4,Maine,38.80
511,2005,41.8,Maine,61.59
512,2006,44.0,Maine,51.65
513,2007,40.7,Maine,47.63
514,2008,41.6,Maine,56.02
515,2009,40.9,Maine,49.46
516,2010,44.6,Maine,49.31
517,2011,42.8,Maine,50.04
518,2012,43.9,Maine,47.38
519,2013,42.0,Maine,45.61
520,2014,41.2,Maine,49.45
521,2015,41.2,Maine,43.16
522,2016,43.3,Maine,41.36
523,2017,42.4,Maine,45.32
524,2018,41.8,Maine,46.45
525,2019,40.7,Maine,49.99
526,2020,43.5,Maine,40.63
527,1990,56.6,Maryland,46.27
528,1991,56.5,Maryland,35.79
529,1992,53.5,Maryland,42.32
530,1993,54.2,Maryland,45.72
531,1994,54.4,Maryland,45.83
532,1995,54.4,Maryland,39.53
533,1996,53.2,Maryland,58.97
534,1997,54.0,Maryland,38.77
535,1998,57.0,Maryland,42.46
536,1999,55.7,Maryland,44.27
537,2000,54.1,Maryland,43.92
538,2001,55.3,Maryland,36.02
539,2002,56.3,Maryland,41.47
540,2003,53.9,Maryland,60.74
541,2004,55.2,Maryland,46.59
542,2005,55.2,Maryland,44.03
543,2006,56.5,Maryland,44.97
544,2007,55.7,Maryland,36.05
545,2008,55.3,Maryland,45.00
546,2009,54.6,Maryland,51.27
547,2010,55.8,Maryland,40.89
548,2011,56.5,Maryland,51.11
549,2012,57.5,Maryland,40.40
550,2013,54.7,Maryland,46.04
551,2014,53.6,Maryland,44.76
552,2015,55.4,Maryland,46.86
553,2016,56.5,Maryland,41.66
554,2017,56.7,Maryland,41.21
555,2018,55.9,Maryland,64.62
556,2019,56.6,Maryland,42.70
557,2020,57.2,Maryland,52.84
558,1990,49.7,Massachusetts,52.01
559,1991,49.6,Massachusetts,48.23
560,1992,46.4,Massachusetts,44.79
561,1993,47.3,Massachusetts,44.45
562,1994,47.7,Massachusetts,47.81
563,1995,47.8,Massachusetts,41.49
564,1996,47.3,Massachusetts,60.61
565,1997,47.4,Massachusetts,41.12
566,1998,50.4,Massachusetts,50.16
567,1999,49.8,Massachusetts,46.04
568,2000,47.5,Massachusetts,50.19
569,2001,49.1,Massachusetts,39.98
570,2002,49.3,Massachusetts,47.23
571,2003,47.1,Massachusetts,53.29
572,2004,47.6,Massachusetts,46.50
573,2005,48.4,Massachusetts,57.01
574,2006,50.1,Massachusetts,53.70
575,2007,48.3,Massachusetts,45.49
576,2008,48.6,Massachusetts,59.70
577,2009,47.7,Massachusetts,51.71
578,2010,50.4,Massachusetts,49.63
579,2011,49.7,Massachusetts,60.83
580,2012,51.3,Massachusetts,41.78
581,2013,48.8,Massachusetts,46.39
582,2014,47.7,Massachusetts,50.10
583,2015,48.5,Massachusetts,41.39
584,2016,50.3,Massachusetts,36.83
585,2017,49.6,Massachusetts,46.82
586,2018,49.5,Massachusetts,61.03
587,2019,48.5,Massachusetts,52.74
588,2020,50.9,Massachusetts,42.40
589,1990,45.7,Michigan,36.19
590,1991,45.8,Michigan,35.50
591,1992,43.3,Michigan,33.36
592,1993,43.2,Michigan,32.44
593,1994,43.9,Michigan,32.39
594,1995,44.2,Michigan,31.83
595,1996,42.5,Michigan,34.00
596,1997,43.5,Michigan,29.93
597,1998,48.2,Michigan,29.56
598,1999,46.4,Michigan,31.40
599,2000,45.0,Michigan,33.02
600,2001,46.8,Michigan,35.17
601,2002,45.7,Michigan,30.90
602,2003,44.0,Michigan,31.08
603,2004,44.6,Michigan,35.35
604,2005,46.0,Michigan,29.89
605,2006,47.0,Michigan,35.85
606,2007,46.1,Michigan,30.66
607,2008,44.0,Michigan,36.85
608,2009,43.8,Michigan,33.87
609,2010,47.1,Michigan,31.22
610,2011,45.6,Michigan,36.82
611,2012,48.4,Michigan,31.00
612,2013,44.1,Michigan,38.23
613,2014,41.9,Michigan,36.66
614,2015,45.1,Michigan,31.74
615,2016,47.4,Michigan,35.86
616,2017,46.3,Michigan,39.27
617,2018,45.1,Michigan,36.17
618,2019,43.9,Michigan,41.83
619,2020,46.5,Michigan,35.31
620,1990,42.5,Minnesota,26.36
621,1991,41.7,Minnesota,32.20
622,1992,40.9,Minnesota,25.47
623,1993,38.9,Minnesota,31.44
624,1994,40.9,Minnesota,28.23
625,1995,40.3,Minnesota,29.51
626,1996,37.6,Minnesota,27.77
627,1997,40.6,Minnesota,25.20
628,1998,44.9,Minnesota,28.83
629,1999,43.7,Minnesota,29.67
630,2000,41.8,Minnesota,27.98
631,2001,43.0,Minnesota,29.28
632,2002,42.0,Minnesota,28.59
633,2003,41.5,Minnesota,22.20
634,2004,41.3,Minnesota,29.87
635,2005,43.1,Minnesota,31.60
636,2006,44.4,Minnesota,22.78
637,2007,42.4,Minnesota,29.21
638,2008,39.4,Minnesota,27.34
639,2009,40.1,Minnesota,26.39
640,2010,42.8,Minnesota,33.44
641,2011,42.0,Minnesota,24.35
642,2012,45.2,Minnesota,26.17
643,2013,39.3,Minnesota,29.01
644,2014,38.6,Minnesota,29.12
645,2015,43.5,Minnesota,29.46
646,2016,44.6,Minnesota,33.54
647,2017,42.6,Minnesota,28.30
648,2018,40.6,Minnesota,30.08
649,2019,39.3,Minnesota,35.66
650,2020,42.4,Minnesota,24.40
651,1990,65.1,Mississippi,60.97
652,1991,64.3,Mississippi,73.90
653,1992,62.8,Mississippi,56.01
654,1993,62.7,Mississippi,55.08
655,1994,63.5,Mississippi,60.49
656,1995,63.6,Mississippi,57.45
657,1996,63.0,Mississippi,54.12
658,1997,62.9,Mississippi,64.85
659,1998,65.8,Mississippi,57.05
660,1999,65.0,Mississippi,47.90
661,2000,64.2,Mississippi,44.64
662,2001,63.7,Mississippi,66.28
663,2002,64.0,Mississippi,66.08
664,2003,63.3,Mississippi,58.98
665,2004,64.0,Mississippi,65.81
666,2005,64.3,Mississippi,50.64
667,2006,64.8,Mississippi,52.47
668,2007,65.0,Mississippi,41.78
669,2008,63.3,Mississippi,59.44
670,2009,63.6,Mississippi,68.42
671,2010,63.5,Mississippi,43.91
672,2011,64.4,Mississippi,52.84
673,2012,65.7,Mississippi,59.17
674,2013,63.1,Mississippi,62.93
675,2014,62.3,Mississippi,58.22
676,2015,65.3,Mississippi,60.57
677,2016,65.9,Mississippi,53.13
678,2017,65.8,Mississippi,58.93
679,2018,64.8,Mississippi,66.81
680,2019,65.2,Mississippi,68.06
681,2020,65.5,Mississippi,68.84
682,1990,56.2,Missouri,50.45
683,1991,56.1,Missouri,39.12
684,1992,54.5,Missouri,41.75
685,1993,53.0,Missouri,56.61
686,1994,54.7,Missouri,42.08
687,1995,54.2,Missouri,42.05
688,1996,52.9,Missouri,43.68
689,1997,53.7,Missouri,39.81
690,1998,57.2,Missouri,49.87
691,1999,56.4,Missouri,36.85
692,2000,55.1,Missouri,35.70
693,2001,55.8,Missouri,43.61
694,2002,55.3,Missouri,40.21
695,2003,54.5,Missouri,40.03
696,2004,55.0,Missouri,44.53
697,2005,56.2,Missouri,36.41
698,2006,56.8,Missouri,38.01
699,2007,56.2,Missouri,39.58
700,2008,53.4,Missouri,56.10
701,2009,54.0,Missouri,51.71
702,2010,55.2,Missouri,44.57
703,2011,55.6,Missouri,45.70
704,2012,58.5,Missouri,31.03
705,2013,53.6,Missouri,45.71
706,2014,52.9,Missouri,39.32
707,2015,55.8,Missouri,55.52
708,2016,57.4,Missouri,39.44
709,2017,57.1,Missouri,41.45
710,2018,55.2,Missouri,43.00
711,2019,55.0,Missouri,53.82
712,2020,55.8,Missouri,46.34
713,1990,42.8,Montana,16.90
714,1991,42.9,Montana,20.06
715,1992,43.5,Montana,17.51
716,1993,39.6,Montana,22.50
717,1994,42.7,Montana,16.05
718,1995,41.7,Montana,22.02
719,1996,39.2,Montana,20.60
720,1997,42.2,Montana,19.44
721,1998,43.8,Montana,20.25
722,1999,44.0,Montana,17.44
723,2000,42.4,Montana,15.67
724,2001,43.6,Montana,14.94
725,2002,41.4,Montana,17.17
726,2003,43.3,Montana,17.39
727,2004,42.8,Montana,16.84
728,2005,43.1,Montana,20.01
729,2006,44.4,Montana,18.24
730,2007,44.0,Montana,17.97
731,2008,41.4,Montana,19.48
732,2009,41.1,Montana,17.45
733,2010,41.6,Montana,21.99
734,2011,41.6,Montana,22.85
735,2012,44.5,Montana,16.81
736,2013,42.4,Montana,20.02
737,2014,41.9,Montana,21.60
738,2015,44.9,Montana,16.88
739,2016,44.6,Montana,21.17
740,2017,43.2,Montana,17.43
741,2018,41.3,Montana,19.98
742,2019,39.9,Montana,21.41
743,2020,43.3,Montana,16.89
744,1990,50.0,Nebraska,21.50
745,1991,50.1,Nebraska,22.03
746,1992,48.9,Nebraska,25.59
747,1993,46.0,Nebraska,31.87
748,1994,49.2,Nebraska,21.91
749,1995,48.6,Nebraska,25.19
750,1996,46.6,Nebraska,25.49
751,1997,48.6,Nebraska,22.14
752,1998,50.6,Nebraska,25.93
753,1999,51.0,Nebraska,22.84
754,2000,49.9,Nebraska,20.36
755,2001,50.3,Nebraska,24.48
756,2002,50.0,Nebraska,15.65
757,2003,49.8,Nebraska,19.98
758,2004,49.8,Nebraska,22.93
759,2005,50.7,Nebraska,23.57
760,2006,51.1,Nebraska,21.56
761,2007,50.0,Nebraska,28.64
762,2008,47.7,Nebraska,28.10
763,2009,47.6,Nebraska,25.70
764,2010,49.3,Nebraska,27.07
765,2011,48.8,Nebraska,25.81
766,2012,52.7,Nebraska,13.36
767,2013,48.5,Nebraska,23.44
768,2014,48.0,Nebraska,24.98
769,2015,50.8,Nebraska,28.07
770,2016,51.6,Nebraska,25.31
771,2017,50.7,Nebraska,25.34
772,2018,48.3,Nebraska,29.22
773,2019,47.5,Nebraska,31.38
774,2020,50.6,Nebraska,18.24
775,1990,50.0,Nevada,9.16
776,1991,49.9,Nevada,10.07
777,1992,51.4,Nevada,9.72
778,1993,48.6,Nevada,10.79
779,1994,50.8,Nevada,9.53
780,1995,50.9,Nevada,13.75
781,1996,51.5,Nevada,12.19
782,1997,50.6,Nevada,10.01
783,1998,49.2,Nevada,16.91
784,1999,50.6,Nevada,7.74
785,2000,51.5,Nevada,10.48
786,2001,51.6,Nevada,8.93
787,2002,50.8,Nevada,6.24
788,2003,52.2,Nevada,9.82
789,2004,50.8,Nevada,11.35
790,2005,50.7,Nevada,13.55
791,2006,50.8,Nevada,9.67
792,2007,51.5,Nevada,7.59
793,2008,50.4,Nevada,7.69
794,2009,50.4,Nevada,9.22
795,2010,50.0,Nevada,13.06
796,2011,49.6,Nevada,8.62
797,2012,52.4,Nevada,8.89
798,2013,50.5,Nevada,7.46
799,2014,53.0,Nevada,9.92
800,2015,52.9,Nevada,11.34
801,2016,51.9,Nevada,11.15
802,2017,52.2,Nevada,11.17
803,2018,52.0,Nevada,9.27
804,2019,49.9,Nevada,13.81
805,2020,52.4,Nevada,5.86
806,1990,45.0,New Hampshire,53.75
807,1991,44.5,New Hampshire,46.41
808,1992,41.8,New Hampshire,38.99
809,1993,42.5,New Hampshire,42.13
810,1994,42.7,New Hampshire,43.76
811,1995,43.3,New Hampshire,43.66
812,1996,43.0,New Hampshire,57.33
813,1997,42.3,New Hampshire,43.12
814,1998,46.0,New Hampshire,47.57
815,1999,45.4,New Hampshire,46.18
816,2000,43.0,New Hampshire,48.77
817,2001,44.6,New Hampshire,34.87
818,2002,44.5,New Hampshire,44.89
819,2003,42.5,New Hampshire,50.38
820,2004,43.0,New Hampshire,43.24
821,2005,44.0,New Hampshire,61.09
822,2006,45.8,New Hampshire,58.25
823,2007,43.1,New Hampshire,48.33
824,2008,43.8,New Hampshire,60.78
825,2009,43.0,New Hampshire,51.67
826,2010,46.0,New Hampshire,50.00
827,2011,44.9,New Hampshire,57.49
828,2012,46.6,New Hampshire,45.18
829,2013,44.2,New Hampshire,45.76
830,2014,43.0,New Hampshire,49.64
831,2015,43.6,New Hampshire,44.01
832,2016,45.7,New Hampshire,39.57
833,2017,44.9,New Hampshire,49.17
834,2018,44.4,New Hampshire,51.80
835,2019,43.2,New Hampshire,50.25
836,2020,45.8,New Hampshire,41.80
837,1990,54.4,New Jersey,48.96
838,1991,54.4,New Jersey,42.41
839,1992,51.2,New Jersey,41.70
840,1993,52.2,New Jersey,44.71
841,1994,52.2,New Jersey,47.31
842,1995,52.5,New Jersey,39.70
843,1996,51.5,New Jersey,59.18
844,1997,52.0,New Jersey,42.87
845,1998,55.2,New Jersey,41.75
846,1999,54.1,New Jersey,47.26
847,2000,52.2,New Jersey,45.25
848,2001,53.6,New Jersey,35.55
849,2002,54.3,New Jersey,45.91
850,2003,51.8,New Jersey,56.48
851,2004,53.0,New Jersey,48.70
852,2005,53.4,New Jersey,48.81
853,2006,55.0,New Jersey,51.41
854,2007,53.6,New Jersey,46.93
855,2008,53.6,New Jersey,47.22
856,2009,52.7,New Jersey,53.17
857,2010,54.7,New Jersey,44.60
858,2011,54.9,New Jersey,63.95
859,2012,55.9,New Jersey,41.99
860,2013,53.2,New Jersey,46.38
861,2014,51.9,New Jersey,48.95
862,2015,53.9,New Jersey,43.86
863,2016,54.9,New Jersey,39.59
864,2017,54.6,New Jersey,44.92
865,2018,54.2,New Jersey,64.76
866,2019,54.3,New Jersey,51.55
867,2020,55.5,New Jersey,49.85
868,1990,53.3,New Mexico,15.96
869,1991,52.5,New Mexico,19.02
870,1992,52.6,New Mexico,15.53
871,1993,53.1,New Mexico,14.10
872,1994,54.4,New Mexico,14.43
873,1995,54.3,New Mexico,11.74
874,1996,54.7,New Mexico,14.13
875,1997,52.9,New Mexico,18.64
876,1998,54.2,New Mexico,14.10
877,1999,54.3,New Mexico,14.95
878,2000,55.2,New Mexico,13.36
879,2001,54.6,New Mexico,11.82
880,2002,54.4,New Mexico,12.29
881,2003,55.5,New Mexico,9.07
882,2004,53.5,New Mexico,17.25
883,2005,54.7,New Mexico,14.34
884,2006,54.7,New Mexico,15.97
885,2007,54.2,New Mexico,14.75
886,2008,53.6,New Mexico,13.74
887,2009,54.3,New Mexico,11.94
888,2010,54.2,New Mexico,14.82
889,2011,54.6,New Mexico,9.80
890,2012,56.0,New Mexico,8.41
891,2013,53.7,New Mexico,13.67
892,2014,54.8,New Mexico,13.20
893,2015,54.9,New Mexico,19.33
894,2016,55.5,New Mexico,12.94
895,2017,56.4,New Mexico,14.80
896,2018,55.5,New Mexico,12.72
897,2019,54.4,New Mexico,13.38
898,2020,56.0,New Mexico,8.35
899,1990,47.3,New York,50.02
900,1991,47.1,New York,37.07
901,1992,43.8,New York,42.69
902,1993,44.2,New York,41.37
903,1994,44.3,New York,42.11
904,1995,45.2,New York,37.10
905,1996,44.5,New York,50.83
906,1997,44.3,New York,39.01
907,1998,48.3,New York,41.40
908,1999,46.9,New York,38.77
909,2000,44.9,New York,46.24
910,2001,46.9,New York,34.14
911,2002,46.8,New York,43.56
912,2003,44.5,New York,48.02
913,2004,45.2,New York,45.17
914,2005,46.2,New York,46.85
915,2006,47.6,New York,48.89
916,2007,45.7,New York,44.47
917,2008,45.8,New York,47.73
918,2009,45.0,New York,42.37
919,2010,47.2,New York,43.92
920,2011,47.1,New York,55.71
921,2012,48.8,New York,39.56
922,2013,45.7,New York,43.99
923,2014,44.5,New York,43.22
924,2015,45.7,New York,40.64
925,2016,47.6,New York,38.17
926,2017,46.9,New York,47.38
927,2018,46.2,New York,48.58
928,2019,45.2,New York,48.22
929,2020,47.8,New York,39.28
930,1990,61.1,North Carolina,48.60
931,1991,60.2,North Carolina,47.87
932,1992,58.2,North Carolina,52.61
933,1993,58.7,North Carolina,46.14
934,1994,59.0,North Carolina,50.11
935,1995,58.4,North Carolina,54.35
936,1996,57.8,North Carolina,56.79
937,1997,58.1,North Carolina,46.09
938,1998,60.8,North Carolina,53.83
939,1999,59.7,North Carolina,52.47
940,2000,58.4,North Carolina,44.36
941,2001,59.4,North Carolina,37.81
942,2002,60.0,North Carolina,47.53
943,2003,58.7,North Carolina,63.16
944,2004,59.3,North Carolina,49.15
945,2005,59.4,North Carolina,47.58
946,2006,59.8,North Carolina,51.17
947,2007,60.5,North Carolina,34.75
948,2008,59.3,North Carolina,45.81
949,2009,58.9,North Carolina,53.20
950,2010,59.0,North Carolina,46.27
951,2011,60.4,North Carolina,45.99
952,2012,60.7,North Carolina,46.62
953,2013,58.6,North Carolina,56.45
954,2014,58.4,North Carolina,50.08
955,2015,60.5,North Carolina,58.32
956,2016,60.8,North Carolina,50.61
957,2017,61.0,North Carolina,47.96
958,2018,60.4,North Carolina,68.35
959,2019,61.3,North Carolina,51.14
960,2020,60.8,North Carolina,66.55
961,1990,42.6,North Dakota,15.07
962,1991,42.3,North Dakota,19.72
963,1992,41.2,North Dakota,14.72
964,1993,38.3,North Dakota,22.95
965,1994,40.0,North Dakota,20.40
966,1995,39.6,North Dakota,19.59
967,1996,36.5,North Dakota,18.52
968,1997,40.7,North Dakota,16.52
969,1998,43.2,North Dakota,21.18
970,1999,43.0,North Dakota,20.44
971,2000,41.1,North Dakota,21.31
972,2001,42.2,North Dakota,16.82
973,2002,41.0,North Dakota,15.83
974,2003,40.8,North Dakota,16.24
975,2004,40.5,North Dakota,18.86
976,2005,42.4,North Dakota,20.98
977,2006,43.8,North Dakota,14.02
978,2007,41.8,North Dakota,19.00
979,2008,39.3,North Dakota,19.76
980,2009,38.5,North Dakota,18.96
981,2010,40.9,North Dakota,23.48
982,2011,40.7,North Dakota,21.44
983,2012,44.1,North Dakota,15.09
984,2013,38.8,North Dakota,23.28
985,2014,39.0,North Dakota,18.61
986,2015,43.4,North Dakota,17.72
987,2016,44.4,North Dakota,21.85
988,2017,42.0,North Dakota,12.99
989,2018,39.8,North Dakota,17.77
990,2019,38.0,North Dakota,24.39
991,2020,42.3,North Dakota,12.92
992,1990,52.7,Ohio,51.07
993,1991,53.1,Ohio,31.61
994,1992,50.3,Ohio,39.78
995,1993,50.4,Ohio,38.63
996,1994,50.5,Ohio,35.60
997,1995,50.3,Ohio,38.67
998,1996,49.5,Ohio,46.85
999,1997,49.9,Ohio,38.35
1000,1998,54.1,Ohio,39.97
1001,1999,52.3,Ohio,33.07
1002,2000,50.8,Ohio,40.85
1003,2001,52.4,Ohio,37.30
1004,2002,52.5,Ohio,38.60
1005,2003,50.2,Ohio,46.42
1006,2004,51.3,Ohio,45.45
1007,2005,51.8,Ohio,40.11
1008,2006,52.7,Ohio,43.56
1009,2007,52.3,Ohio,41.16
1010,2008,50.6,Ohio,44.11
1011,2009,50.5,Ohio,36.50
1012,2010,51.7,Ohio,36.76
1013,2011,52.3,Ohio,55.95
1014,2012,54.0,Ohio,37.28
1015,2013,50.9,Ohio,41.69
1016,2014,49.2,Ohio,38.56
1017,2015,51.6,Ohio,43.01
1018,2016,53.6,Ohio,37.39
1019,2017,53.2,Ohio,45.51
1020,2018,52.2,Ohio,50.93
1021,2019,52.4,Ohio,46.87
1022,2020,53.0,Ohio,42.32
1023,1990,60.7,Oklahoma,43.26
1024,1991,60.3,Oklahoma,38.72
1025,1992,59.3,Oklahoma,41.44
1026,1993,58.1,Oklahoma,39.18
1027,1994,59.7,Oklahoma,36.27
1028,1995,59.4,Oklahoma,37.81
1029,1996,59.0,Oklahoma,37.28
1030,1997,58.7,Oklahoma,39.31
1031,1998,62.1,Oklahoma,36.18
1032,1999,61.3,Oklahoma,37.27
1033,2000,60.3,Oklahoma,36.93
1034,2001,60.8,Oklahoma,31.98
1035,2002,59.4,Oklahoma,35.01
1036,2003,59.9,Oklahoma,27.87
1037,2004,60.1,Oklahoma,40.19
1038,2005,60.8,Oklahoma,27.56
1039,2006,62.2,Oklahoma,29.81
1040,2007,60.0,Oklahoma,43.57
1041,2008,59.6,Oklahoma,38.31
1042,2009,59.4,Oklahoma,38.04
1043,2010,60.3,Oklahoma,32.04
1044,2011,61.6,Oklahoma,26.24
1045,2012,63.2,Oklahoma,25.70
1046,2013,58.8,Oklahoma,36.70
1047,2014,58.9,Oklahoma,28.87
1048,2015,60.8,Oklahoma,53.72
1049,2016,62.3,Oklahoma,31.19
1050,2017,61.8,Oklahoma,38.61
1051,2018,60.2,Oklahoma,41.01
1052,2019,59.9,Oklahoma,44.98
1053,2020,60.7,Oklahoma,39.21
1054,1990,47.4,Oregon,29.91
1055,1991,47.6,Oregon,29.57
1056,1992,49.4,Oregon,27.55
1057,1993,45.5,Oregon,31.15
1058,1994,47.8,Oregon,28.59
1059,1995,48.1,Oregon,41.42
1060,1996,47.6,Oregon,48.87
1061,1997,47.8,Oregon,32.60
1062,1998,47.8,Oregon,42.91
1063,1999,47.2,Oregon,31.64
1064,2000,47.5,Oregon,27.91
1065,2001,47.8,Oregon,26.84
1066,2002,47.7,Oregon,26.21
1067,2003,49.0,Oregon,32.06
1068,2004,48.4,Oregon,29.69
1069,2005,47.7,Oregon,33.22
1070,2006,48.0,Oregon,36.44
1071,2007,47.8,Oregon,28.99
1072,2008,46.8,Oregon,28.63
1073,2009,47.3,Oregon,27.62
1074,2010,47.1,Oregon,37.91
1075,2011,46.3,Oregon,30.68
1076,2012,48.0,Oregon,40.08
1077,2013,47.6,Oregon,22.72
1078,2014,49.6,Oregon,35.29
1079,2015,50.4,Oregon,30.17
1080,2016,48.8,Oregon,34.68
1081,2017,48.0,Oregon,36.22
1082,2018,48.4,Oregon,25.41
1083,2019,47.1,Oregon,30.03
1084,2020,48.8,Oregon,28.76
1085,1990,50.7,Pennsylvania,49.70
1086,1991,50.7,Pennsylvania,33.36
1087,1992,47.6,Pennsylvania,41.61
1088,1993,48.2,Pennsylvania,45.80
1089,1994,48.0,Pennsylvania,48.19
1090,1995,48.5,Pennsylvania,37.51
1091,1996,47.6,Pennsylvania,56.31
1092,1997,48.0,Pennsylvania,38.80
1093,1998,51.8,Pennsylvania,40.41
1094,1999,50.0,Pennsylvania,41.12
1095,2000,48.5,Pennsylvania,41.38
1096,2001,49.9,Pennsylvania,34.36
1097,2002,50.3,Pennsylvania,43.55
1098,2003,48.0,Pennsylvania,53.57
1099,2004,49.1,Pennsylvania,53.90
1100,2005,49.5,Pennsylvania,42.97
1101,2006,50.8,Pennsylvania,47.57
1102,2007,49.5,Pennsylvania,44.12
1103,2008,48.8,Pennsylvania,45.82
1104,2009,48.4,Pennsylvania,42.77
1105,2010,50.1,Pennsylvania,42.31
1106,2011,50.4,Pennsylvania,61.00
1107,2012,51.8,Pennsylvania,43.49
1108,2013,49.0,Pennsylvania,41.82
1109,2014,47.4,Pennsylvania,42.43
1110,2015,49.5,Pennsylvania,43.10
1111,2016,50.9,Pennsylvania,39.00
1112,2017,50.6,Pennsylvania,46.61
1113,2018,49.8,Pennsylvania,64.04
1114,2019,49.9,Pennsylvania,50.78
1115,2020,51.2,Pennsylvania,43.26
1116,1990,51.5,Rhode Island,49.99
1117,1991,51.4,Rhode Island,46.72
1118,1992,48.4,Rhode Island,48.14
1119,1993,49.3,Rhode Island,43.76
1120,1994,49.6,Rhode Island,46.00
1121,1995,49.9,Rhode Island,40.19
1122,1996,49.1,Rhode Island,56.46
1123,1997,49.4,Rhode Island,40.88
1124,1998,52.0,Rhode Island,56.39
1125,1999,51.8,Rhode Island,45.98
1126,2000,49.5,Rhode Island,48.84
1127,2001,51.1,Rhode Island,43.24
1128,2002,51.2,Rhode Island,47.45
1129,2003,49.0,Rhode Island,52.96
1130,2004,49.3,Rhode Island,47.61
1131,2005,50.1,Rhode Island,57.83
1132,2006,51.8,Rhode Island,56.70
1133,2007,50.3,Rhode Island,44.46
1134,2008,50.8,Rhode Island,56.70
1135,2009,49.8,Rhode Island,54.02
1136,2010,52.0,Rhode Island,53.32
1137,2011,51.6,Rhode Island,57.53
1138,2012,52.9,Rhode Island,41.13
1139,2013,50.6,Rhode Island,43.17
1140,2014,49.7,Rhode Island,47.24
1141,2015,50.4,Rhode Island,40.88
1142,2016,52.2,Rhode Island,41.26
1143,2017,51.5,Rhode Island,49.11
1144,2018,51.6,Rhode Island,63.18
1145,2019,50.6,Rhode Island,57.11
1146,2020,52.8,Rhode Island,44.52
1147,1990,65.0,South Carolina,46.18
1148,1991,63.8,South Carolina,50.92
1149,1992,61.9,South Carolina,54.79
1150,1993,62.6,South Carolina,44.12
1151,1994,62.8,South Carolina,56.17
1152,1995,62.5,South Carolina,54.41
1153,1996,61.8,South Carolina,45.99
1154,1997,62.2,South Carolina,53.87
1155,1998,64.7,South Carolina,54.12
1156,1999,63.4,South Carolina,44.14
1157,2000,62.2,South Carolina,41.24
1158,2001,63.3,South Carolina,34.72
1159,2002,63.7,South Carolina,46.54
1160,2003,62.4,South Carolina,55.19
1161,2004,63.2,South Carolina,45.85
1162,2005,63.1,South Carolina,47.51
1163,2006,63.6,South Carolina,43.73
1164,2007,64.3,South Carolina,34.90
1165,2008,62.9,South Carolina,45.77
1166,2009,62.7,South Carolina,50.56
1167,2010,62.6,South Carolina,41.19
1168,2011,64.1,South Carolina,38.21
1169,2012,64.5,South Carolina,43.77
1170,2013,62.3,South Carolina,56.39
1171,2014,62.2,South Carolina,47.03
1172,2015,64.5,South Carolina,60.66
1173,2016,64.9,South Carolina,46.25
1174,2017,65.1,South Carolina,46.57
1175,2018,64.3,South Carolina,57.30
1176,2019,65.0,South Carolina,46.03
1177,2020,64.6,South Carolina,59.87
1178,1990,46.9,South Dakota,17.31
1179,1991,46.8,South Dakota,21.24
1180,1992,45.6,South Dakota,19.83
1181,1993,42.3,South Dakota,25.43
1182,1994,44.9,South Dakota,18.90
1183,1995,44.7,South Dakota,25.47
1184,1996,41.6,South Dakota,22.91
1185,1997,44.8,South Dakota,21.12
1186,1998,47.4,South Dakota,24.87
1187,1999,47.8,South Dakota,21.61
1188,2000,46.0,South Dakota,19.12
1189,2001,46.5,South Dakota,20.18
1190,2002,46.2,South Dakota,14.30
1191,2003,46.1,South Dakota,17.13
1192,2004,46.3,South Dakota,20.79
1193,2005,47.3,South Dakota,20.70
1194,2006,48.1,South Dakota,15.93
1195,2007,46.8,South Dakota,22.94
1196,2008,43.8,South Dakota,23.68
1197,2009,43.6,South Dakota,22.59
1198,2010,45.1,South Dakota,24.68
1199,2011,44.8,South Dakota,22.13
1200,2012,49.3,South Dakota,14.58
1201,2013,44.0,South Dakota,24.94
1202,2014,43.7,South Dakota,20.19
1203,2015,47.5,South Dakota,22.78
1204,2016,48.4,South Dakota,20.68
1205,2017,46.8,South Dakota,17.63
1206,2018,44.1,South Dakota,23.25
1207,2019,42.3,South Dakota,31.40
1208,2020,46.8,South Dakota,16.17
1209,1990,59.4,Tennessee,60.64
1210,1991,59.1,Tennessee,60.41
1211,1992,57.0,Tennessee,49.64
1212,1993,57.2,Tennessee,48.25
1213,1994,57.6,Tennessee,61.91
1214,1995,57.4,Tennessee,52.15
1215,1996,56.6,Tennessee,60.07
1216,1997,56.8,Tennessee,56.51
1217,1998,60.2,Tennessee,57.57
1218,1999,59.3,Tennessee,46.05
1219,2000,58.0,Tennessee,45.02
1220,2001,58.2,Tennessee,54.00
1221,2002,58.7,Tennessee,59.22
1222,2003,57.5,Tennessee,61.76
1223,2004,58.5,Tennessee,61.24
1224,2005,58.8,Tennessee,44.68
1225,2006,58.9,Tennessee,48.87
1226,2007,59.9,Tennessee,37.72
1227,2008,57.6,Tennessee,49.77
1228,2009,57.6,Tennessee,60.28
1229,2010,57.9,Tennessee,49.65
1230,2011,58.9,Tennessee,62.59
1231,2012,60.3,Tennessee,46.89
1232,2013,57.1,Tennessee,63.27
1233,2014,56.6,Tennessee,53.52
1234,2015,59.0,Tennessee,59.16
1235,2016,60.3,Tennessee,47.04
1236,2017,60.0,Tennessee,56.22
1237,2018,59.1,Tennessee,67.14
1238,2019,59.8,Tennessee,66.91
1239,2020,59.3,Tennessee,65.73
1240,1990,65.6,Texas,31.44
1241,1991,64.8,Texas,37.20
1242,1992,64.4,Texas,33.60
1243,1993,64.1,Texas,27.37
1244,1994,65.6,Texas,29.31
1245,1995,65.2,Texas,27.68
1246,1996,65.4,Texas,24.60
1247,1997,63.9,Texas,34.19
1248,1998,67.0,Texas,27.99
1249,1999,66.6,Texas,22.05
1250,2000,66.5,Texas,27.83
1251,2001,65.7,Texas,29.11
1252,2002,65.0,Texas,30.65
1253,2003,65.5,Texas,24.20
1254,2004,65.2,Texas,39.36
1255,2005,66.0,Texas,22.20
1256,2006,67.1,Texas,25.13
1257,2007,64.8,Texas,36.20
1258,2008,65.5,Texas,23.80
1259,2009,65.8,Texas,28.54
1260,2010,65.1,Texas,27.81
1261,2011,67.3,Texas,14.70
1262,2012,67.8,Texas,24.10
1263,2013,65.1,Texas,26.02
1264,2014,64.8,Texas,24.01
1265,2015,65.8,Texas,41.23
1266,2016,67.2,Texas,32.10
1267,2017,67.3,Texas,30.28
1268,2018,66.0,Texas,33.72
1269,2019,65.9,Texas,26.86
1270,2020,66.9,Texas,26.17
1271,1990,48.7,Utah,12.15
1272,1991,47.5,Utah,13.51
1273,1992,49.0,Utah,13.00
1274,1993,46.8,Utah,15.64
1275,1994,49.7,Utah,13.12
1276,1995,49.2,Utah,15.55
1277,1996,49.6,Utah,14.18
1278,1997,48.2,Utah,16.80
1279,1998,48.3,Utah,17.40
1280,1999,49.2,Utah,12.43
1281,2000,50.2,Utah,13.53
1282,2001,50.0,Utah,11.69
1283,2002,48.8,Utah,9.04
1284,2003,50.6,Utah,11.53
1285,2004,48.7,Utah,15.27
1286,2005,49.3,Utah,16.68
1287,2006,49.2,Utah,14.41
1288,2007,49.9,Utah,11.28
1289,2008,48.1,Utah,11.66
1290,2009,48.4,Utah,11.80
1291,2010,48.3,Utah,17.23
1292,2011,47.6,Utah,14.71
1293,2012,50.9,Utah,10.69
1294,2013,47.8,Utah,13.21
1295,2014,50.4,Utah,13.33
1296,2015,50.7,Utah,15.41
1297,2016,50.2,Utah,14.04
1298,2017,50.7,Utah,12.83
1299,2018,50.4,Utah,11.58
1300,2019,47.9,Utah,16.94
1301,2020,50.4,Utah,7.24
1302,1990,44.0,Vermont,54.25
1303,1991,43.5,Vermont,41.76
1304,1992,40.6,Vermont,38.56
1305,1993,41.2,Vermont,41.79
1306,1994,41.3,Vermont,43.08
1307,1995,42.3,Vermont,42.19
1308,1996,42.0,Vermont,52.62
1309,1997,41.1,Vermont,42.78
1310,1998,45.2,Vermont,47.53
1311,1999,44.3,Vermont,42.45
1312,2000,41.8,Vermont,48.62
1313,2001,43.8,Vermont,34.36
1314,2002,43.6,Vermont,47.26
1315,2003,41.5,Vermont,49.82
1316,2004,41.8,Vermont,41.85
1317,2005,43.4,Vermont,52.39
1318,2006,45.1,Vermont,54.28
1319,2007,42.2,Vermont,48.83
1320,2008,43.0,Vermont,54.63
1321,2009,42.3,Vermont,47.43
1322,2010,44.9,Vermont,49.21
1323,2011,44.3,Vermont,58.22
1324,2012,45.8,Vermont,42.35
1325,2013,43.2,Vermont,46.56
1326,2014,42.0,Vermont,46.08
1327,2015,42.6,Vermont,42.44
1328,2016,44.6,Vermont,38.62
1329,2017,43.8,Vermont,46.30
1330,2018,43.2,Vermont,47.07
1331,2019,41.9,Vermont,51.40
1332,2020,44.8,Vermont,40.21
1333,1990,57.4,Virginia,45.48
1334,1991,57.0,Virginia,38.95
1335,1992,54.4,Virginia,44.03
1336,1993,55.1,Virginia,44.97
1337,1994,55.3,Virginia,45.38
1338,1995,55.0,Virginia,44.31
1339,1996,54.0,Virginia,55.89
1340,1997,54.5,Virginia,38.08
1341,1998,57.4,Virginia,45.94
1342,1999,56.3,Virginia,42.72
1343,2000,54.9,Virginia,40.33
1344,2001,55.8,Virginia,34.88
1345,2002,56.6,Virginia,42.62
1346,2003,55.0,Virginia,61.89
1347,2004,55.9,Virginia,48.94
1348,2005,55.9,Virginia,39.83
1349,2006,56.6,Virginia,46.20
1350,2007,56.8,Virginia,35.19
1351,2008,55.7,Virginia,40.64
1352,2009,55.2,Virginia,51.25
1353,2010,55.9,Virginia,41.74
1354,2011,57.0,Virginia,48.30
1355,2012,57.6,Virginia,40.05
1356,2013,55.1,Virginia,51.37
1357,2014,54.4,Virginia,43.75
1358,2015,56.5,Virginia,49.76
1359,2016,57.1,Virginia,45.41
1360,2017,57.3,Virginia,41.56
1361,2018,56.6,Virginia,63.53
1362,2019,57.5,Virginia,46.00
1363,2020,57.4,Virginia,61.40
1364,1990,47.3,Washington,50.91
1365,1991,47.1,Washington,40.48
1366,1992,48.6,Washington,37.13
1367,1993,45.6,Washington,33.68
1368,1994,47.9,Washington,42.51
1369,1995,47.5,Washington,51.08
1370,1996,45.6,Washington,54.95
1371,1997,47.1,Washington,51.07
1372,1998,48.6,Washington,48.61
1373,1999,46.9,Washington,49.30
1374,2000,46.2,Washington,34.21
1375,2001,46.9,Washington,39.16
1376,2002,46.9,Washington,36.51
1377,2003,48.2,Washington,43.47
1378,2004,48.4,Washington,37.65
1379,2005,47.3,Washington,38.64
1380,2006,47.5,Washington,50.26
1381,2007,46.8,Washington,40.24
1382,2008,45.8,Washington,37.39
1383,2009,46.4,Washington,39.90
1384,2010,47.1,Washington,47.32
1385,2011,45.5,Washington,43.82
1386,2012,47.1,Washington,52.87
1387,2013,47.2,Washington,35.68
1388,2014,48.4,Washington,48.80
1389,2015,50.0,Washington,43.25
1390,2016,48.6,Washington,49.14
1391,2017,46.8,Washington,48.73
1392,2018,48.0,Washington,41.32
1393,2019,46.5,Washington,33.07
1394,2020,48.1,Washington,45.25
1395,1990,53.9,West Virginia,49.50
1396,1991,53.8,West Virginia,41.77
1397,1992,51.3,West Virginia,41.19
1398,1993,51.9,West Virginia,44.31
1399,1994,51.8,West Virginia,49.45
1400,1995,51.6,West Virginia,44.06
1401,1996,50.7,West Virginia,59.17
1402,1997,51.0,West Virginia,41.23
1403,1998,54.2,West Virginia,46.11
1404,1999,53.0,West Virginia,38.98
1405,2000,51.8,West Virginia,42.59
1406,2001,52.7,West Virginia,39.86
1407,2002,53.2,West Virginia,48.56
1408,2003,51.6,West Virginia,59.42
1409,2004,52.7,West Virginia,53.07
1410,2005,52.8,West Virginia,41.89
1411,2006,53.0,West Virginia,43.63
1412,2007,53.3,West Virginia,42.85
1413,2008,51.8,West Virginia,46.04
1414,2009,51.7,West Virginia,46.80
1415,2010,52.0,West Virginia,42.43
1416,2011,53.5,West Virginia,55.10
1417,2012,54.3,West Virginia,44.62
1418,2013,51.8,West Virginia,47.59
1419,2014,50.8,West Virginia,42.79
1420,2015,53.1,West Virginia,48.62
1421,2016,54.1,West Virginia,45.36
1422,2017,54.0,West Virginia,47.01
1423,2018,53.3,West Virginia,65.10
1424,2019,54.2,West Virginia,48.24
1425,2020,54.0,West Virginia,53.77
1426,1990,44.5,Wisconsin,36.01
1427,1991,43.7,Wisconsin,38.47
1428,1992,42.7,Wisconsin,31.01
1429,1993,41.7,Wisconsin,35.65
1430,1994,43.0,Wisconsin,30.89
1431,1995,42.8,Wisconsin,32.88
1432,1996,40.5,Wisconsin,33.00
1433,1997,42.6,Wisconsin,28.43
1434,1998,47.3,Wisconsin,32.43
1435,1999,45.4,Wisconsin,33.25
1436,2000,43.9,Wisconsin,34.19
1437,2001,45.3,Wisconsin,35.05
1438,2002,44.6,Wisconsin,35.08
1439,2003,43.2,Wisconsin,28.02
1440,2004,43.5,Wisconsin,34.91
1441,2005,45.1,Wisconsin,28.55
1442,2006,46.0,Wisconsin,30.08
1443,2007,44.7,Wisconsin,33.49
1444,2008,41.8,Wisconsin,32.72
1445,2009,42.4,Wisconsin,29.76
1446,2010,45.5,Wisconsin,39.02
1447,2011,44.1,Wisconsin,31.04
1448,2012,47.4,Wisconsin,28.80
1449,2013,41.8,Wisconsin,36.53
1450,2014,40.2,Wisconsin,37.08
1451,2015,44.8,Wisconsin,35.88
1452,2016,46.2,Wisconsin,39.39
1453,2017,44.7,Wisconsin,37.57
1454,2018,43.2,Wisconsin,39.74
1455,2019,42.1,Wisconsin,44.55
1456,2020,44.8,Wisconsin,34.19
1457,1990,41.8,Wyoming,15.38
1458,1991,41.7,Wyoming,17.09
1459,1992,42.5,Wyoming,14.98
1460,1993,38.9,Wyoming,18.50
1461,1994,42.9,Wyoming,14.02
1462,1995,41.7,Wyoming,20.28
1463,1996,41.0,Wyoming,17.30
1464,1997,41.2,Wyoming,17.98
1465,1998,42.5,Wyoming,19.57
1466,1999,43.2,Wyoming,15.94
1467,2000,42.5,Wyoming,14.31
1468,2001,43.2,Wyoming,11.91
1469,2002,41.4,Wyoming,11.97
1470,2003,43.0,Wyoming,15.13
1471,2004,42.4,Wyoming,14.56
1472,2005,42.8,Wyoming,16.27
1473,2006,43.2,Wyoming,12.74
1474,2007,43.3,Wyoming,15.05
1475,2008,40.7,Wyoming,16.05
1476,2009,40.9,Wyoming,17.00
1477,2010,42.0,Wyoming,17.25
1478,2011,41.1,Wyoming,18.55
1479,2012,44.8,Wyoming,10.96
1480,2013,41.7,Wyoming,16.32
1481,2014,42.1,Wyoming,18.10
1482,2015,44.2,Wyoming,16.71
1483,2016,43.9,Wyoming,17.28
1484,2017,43.2,Wyoming,18.66
1485,2018,42.4,Wyoming,16.12
1486,2019,40.3,Wyoming,18.34
1487,2020,42.8,Wyoming,11.72
1488,1990,25.4,Alaska,39.07
1489,1991,27.0,Alaska,38.70
1490,1992,25.0,Alaska,38.54
1491,1993,29.9,Alaska,39.25
1492,1994,26.2,Alaska,39.17
1493,1995,27.8,Alaska,31.29
1494,1996,25.1,Alaska,31.64
1495,1997,28.1,Alaska,35.81
1496,1998,28.4,Alaska,36.54
1497,1999,24.0,Alaska,40.29
1498,2000,28.4,Alaska,40.08
1499,2001,27.3,Alaska,37.50
1500,2002,30.1,Alaska,40.52
1501,2003,29.1,Alaska,39.00
1502,2004,29.3,Alaska,38.74
1503,2005,29.2,Alaska,40.36
1504,2006,26.4,Alaska,38.71
1505,2007,28.1,Alaska,34.09
1506,2008,25.1,Alaska,37.09
1507,2009,26.8,Alaska,35.21
1508,2010,27.4,Alaska,33.85
1509,2011,27.0,Alaska,38.74
1510,2012,24.3,Alaska,37.28
1511,2013,27.8,Alaska,40.81
1512,2014,30.3,Alaska,36.75
1513,2015,30.0,Alaska,40.10
1514,2016,31.9,Alaska,37.07
1515,2017,29.3,Alaska,38.06
1516,2018,30.4,Alaska,37.90
1517,2019,32.2,Alaska,38.00
1518,2020,27.5,Alaska,37.94
