,YEAR,STATE,total energy generation,clean energy generation,clean_energy_percent
0,1990,AK,11199012.0,1949042.0,0.17403695968894398
1,1990,AL,159304266.0,20828020.0,0.1307436424834976
2,1990,AR,78199196.0,7426028.0,0.0949629712305482
3,1990,AZ,125548594.0,15334686.0,0.1221414395130542
4,1990,CA,331569818.0,89087074.0,0.2686827001847315
5,1990,CO,65096254.0,2831324.0,0.04349442288952603
6,1990,CT,70294494.0,3300806.0,0.04695682139770435
8,1990,DE,15683000.0,,
9,1990,FL,263005106.0,3695364.0,0.014050540904707759
10,1990,GA,205372480.0,10133368.0,0.04934141127379871
11,1990,HI,19405504.0,1896692.0,0.09773989894825716
12,1990,IA,60089012.0,1786264.0,0.029726965722119046
13,1990,ID,19382950.0,18229980.0,0.9405162784818616
14,1990,IL,258784942.0,597562.0,0.002309106532172185
15,1990,IN,202834232.0,956276.0,0.004714569087135154
16,1990,KS,68369714.0,26558.0,0.0003884468494339467
17,1990,KY,147614572.0,6320766.0,0.04281939048673325
18,1990,LA,152931260.0,1496276.0,0.009783977454968984
19,1990,MA,79622022.0,4280348.0,0.05375834338896844
20,1990,MD,66324584.0,5339968.0,0.08051264972879438
21,1990,ME,31892028.0,8902668.0,0.27915026288074246
22,1990,MI,200119474.0,2487548.0,0.012430314503025328
23,1990,MN,86140752.0,2684246.0,0.031161162837306088
24,1990,MO,118705660.0,4311712.0,0.03632271620409676
25,1990,MS,50402834.0,,
26,1990,MT,52059544.0,21433634.0,0.411713825230586
27,1990,NC,169851534.0,14051486.0,0.08272804883822833
28,1990,ND,53986522.0,3422296.0,0.06339167394410035
29,1990,NE,43267174.0,2280186.0,0.05270013706002615
30,1990,NH,24810392.0,4057222.0,0.16352913730665763
31,1990,NJ,79937668.0,255724.0,0.0031990425339903585
32,1990,NM,57640408.0,439126.0,0.00761837077905486
33,1990,NV,40101370.0,4992546.0,0.12449814058721685
34,1990,NY,270691384.0,57406212.0,0.21207254974912684
35,1990,OH,255961054.0,971360.0,0.0037949523367722966
36,1990,OK,94158262.0,5504276.0,0.05845770602690181
37,1990,OR,100744472.0,82662786.0,0.8205193233828254
38,1990,PA,351246622.0,4580104.0,0.0130395673954695
39,1990,RI,2214632.0,89404.0,0.040369686701899006
40,1990,SC,142726348.0,5682476.0,0.03981378406739588
41,1990,SD,12854946.0,7868804.0,0.6121226802508544
42,1990,TN,152375218.0,19164262.0,0.1257702023435333
43,1990,TX,563119270.0,4254284.0,0.007554854231857489
44,1990,UT,65127078.0,1320536.0,0.020276297364362025
45,1990,VA,105128916.0,2193316.0,0.020863108680774373
46,1990,VT,10328216.0,2730062.0,0.264330451648184
47,1990,WA,204143066.0,174946414.0,0.856979457729904
48,1990,WI,95537714.0,4328452.0,0.04530621279047979
49,1990,WV,159079088.0,2590102.0,0.016281850949510096
50,1990,WY,79949930.0,1289226.0,0.016125417495675105
51,1991,AK,10779656.0,1792226.0,0.16626003649838178
52,1991,AL,177573224.0,21578106.0,0.12151666514766889
53,1991,AR,81302488.0,7155364.0,0.08800916399999961
54,1991,AZ,134405102.0,14196904.0,0.10562771642403873
55,1991,CA,317895284.0,85397972.0,0.2686355422624011
56,1991,CO,64643186.0,3669984.0,0.05677294432857935
57,1991,CT,54072934.0,3184806.0,0.05889833904703599
59,1991,DE,15676264.0,,
60,1991,FL,278833378.0,5045816.0,0.018096169246997394
61,1991,GA,192346262.0,9460274.0,0.0491835604270802
62,1991,HI,17406470.0,1859382.0,0.10682131414353399
63,1991,IA,64535712.0,1852756.0,0.028709003783827472
64,1991,ID,18857238.0,17510126.0,0.9285626028583825
65,1991,IL,260548690.0,633024.0,0.0024295804365779003
66,1991,IN,203962598.0,864330.0,0.004237688715849756
67,1991,KS,65261486.0,21218.0,0.0003251228450421739
68,1991,KY,151010162.0,7315602.0,0.04844443515000004
69,1991,LA,149945386.0,1496306.0,0.009979006623118099
70,1991,MA,82039582.0,4254200.0,0.05185545679645223
71,1991,MD,79701768.0,3487676.0,0.04375907947236503
72,1991,ME,34689566.0,8403300.0,0.24224286922471155
73,1991,MI,211956248.0,2921722.0,0.01378455236667522
74,1991,MN,84264220.0,2954280.0,0.03505972048397291
75,1991,MO,120949452.0,2143034.0,0.017718426702751824
76,1991,MS,51753232.0,,
77,1991,MT,57106296.0,23940014.0,0.4192184693610666
78,1991,NC,178750568.0,12221360.0,0.0683710274979378
79,1991,ND,55358296.0,3513368.0,0.0634659708456344
80,1991,NE,46000694.0,2089342.0,0.04541979301442713
81,1991,NH,28442682.0,3453436.0,0.12141738250984911
82,1991,NJ,87052932.0,1342358.0,0.015420020545660657
83,1991,NM,50554444.0,502472.0,0.009939225125292645
84,1991,NV,44130408.0,6720916.0,0.15229671114756066
85,1991,NY,269200998.0,55650430.0,0.20672445649700005
86,1991,OH,268072994.0,957404.0,0.0035714302500758433
87,1991,OK,98198234.0,3713570.0,0.03781707520320579
88,1991,OR,94889778.0,82360608.0,0.8679608039550899
89,1991,PA,345525418.0,3256076.0,0.0094235498472069
90,1991,RI,5851638.0,164202.0,0.0280608609076638
91,1991,SC,144360014.0,5192944.0,0.03597217717088889
92,1991,SD,13145332.0,7656232.0,0.5824297172562853
93,1991,TN,152385612.0,21065920.0,0.13824087276691188
94,1991,TX,572657416.0,5109962.0,0.008923244259531251
95,1991,UT,61011812.0,1626412.0,0.02665732989539796
96,1991,VA,109458188.0,1487104.0,0.013586046207890817
97,1991,VT,10775970.0,2105438.0,0.1953826894469825
98,1991,WA,205741124.0,178778060.0,0.8689466477299891
99,1991,WI,98713474.0,5304654.0,0.053737891951811965
100,1991,WV,146847470.0,2130770.0,0.01451008995932991
101,1991,WY,78596776.0,1471864.0,0.018726773220316316
102,1992,AK,10596848.0,1868830.0,0.1763571582795186
103,1992,AL,190468844.0,20577626.0,0.10803670336761219
104,1992,AR,79492202.0,6789860.0,0.08541542225739325
105,1992,AZ,141105454.0,13822444.0,0.09795825468234559
106,1992,CA,354310918.0,81962034.0,0.23132799424487394
107,1992,CO,66590980.0,3319332.0,0.04984657081184268
108,1992,CT,58422760.0,3528382.0,0.06039396290075991
110,1992,DE,13968570.0,,
111,1992,FL,287554286.0,6312744.0,0.021953225207709127
112,1992,GA,194716458.0,10970922.0,0.05634306474494313
113,1992,HI,19688922.0,1781950.0,0.0905052089697953
114,1992,IA,60993854.0,2039348.0,0.033435303170053825
115,1992,ID,14926008.0,13325192.0,0.8927498899906794
116,1992,IL,256092456.0,683404.0,0.0026685830995349584
117,1992,IN,202037128.0,1191894.0,0.0058993810286196505
118,1992,KS,64156986.0,19762.0,0.0003080256918552876
119,1992,KY,154702518.0,7534464.0,0.04870291768618789
120,1992,LA,146748248.0,1473486.0,0.010040910335093063
121,1992,MA,80175310.0,4088122.0,0.05098978725495418
122,1992,MD,82354718.0,4309026.0,0.05232275824197467
123,1992,ME,31367088.0,7843706.0,0.25006165698263094
124,1992,MI,190643878.0,2683742.0,0.014077252457065524
125,1992,MN,80517768.0,3175312.0,0.03943616519523989
126,1992,MO,113903346.0,2899212.0,0.02545326455993663
127,1992,MS,46269926.0,,
128,1992,MT,51799290.0,16541776.0,0.31934368212382835
129,1992,NC,179070510.0,11817688.0,0.06599460737560864
130,1992,ND,57533794.0,3397708.0,0.05905586549706769
131,1992,NE,44850996.0,2163762.0,0.04824334335852876
132,1992,NH,30234506.0,3115460.0,0.10304319177564866
133,1992,NJ,87328028.0,1576542.0,0.018053104325223054
134,1992,NM,56138876.0,538348.0,0.009589575680140086
135,1992,NV,46695086.0,6327326.0,0.1355030377286381
136,1992,NY,251897848.0,57526974.0,0.22837421779006226
137,1992,OH,275323456.0,1204556.0,0.004375057677613926
138,1992,OK,100012896.0,6423338.0,0.06422509753142235
139,1992,OR,84690748.0,63625738.0,0.7512714139683829
140,1992,PA,358811290.0,5822178.0,0.016226295443490645
141,1992,RI,9570410.0,147560.0,0.015418357207266982
142,1992,SC,148341018.0,5677522.0,0.03827344639093686
143,1992,SD,12492828.0,7224020.0,0.5782533786585391
144,1992,TN,155496224.0,19288856.0,0.12404710226275334
145,1992,TX,580584626.0,5958370.0,0.010262707163038107
146,1992,UT,66474278.0,1577506.0,0.023731073844833635
147,1992,VA,112704708.0,2369934.0,0.021027817223039164
148,1992,VT,9740284.0,1842996.0,0.1892137847315335
149,1992,WA,172964858.0,136994938.0,0.7920391435814089
150,1992,WI,97786802.0,5127860.0,0.05243918294822649
151,1992,WV,150319828.0,2542126.0,0.01691144830208294
152,1992,WY,84947788.0,1271280.0,0.014965427940277855
153,1993,AK,11442554.0,2636828.0,0.23044051179483183
154,1993,AL,198673992.0,18073186.0,0.09096905849659476
155,1993,AR,80997308.0,9077798.0,0.11207530502124836
156,1993,AZ,136937972.0,14046142.0,0.10257302481447586
157,1993,CA,373981284.0,124120870.0,0.33189059268538157
158,1993,CO,68480366.0,4038070.0,0.058966828535933935
159,1993,CT,65769142.0,3612110.0,0.05492104488758573
161,1993,DE,18035360.0,,
162,1993,FL,303868312.0,6615470.0,0.0217708452601007
163,1993,GA,202895142.0,9828978.0,0.04844363400282891
164,1993,HI,19887374.0,2014984.0,0.10131976197561327
165,1993,IA,64098026.0,1552892.0,0.024226830323916683
166,1993,ID,21066866.0,19451450.0,0.9233195863115092
167,1993,IL,286906182.0,762456.0,0.0026575098336500814
168,1993,IN,207270276.0,961708.0,0.004639874170862782
169,1993,KS,73485134.0,10086.0,0.0001372522502306385
170,1993,KY,169995436.0,6310226.0,0.03711997303268777
171,1993,LA,157951070.0,2632630.0,0.01666737680219577
172,1993,MA,74158416.0,4125124.0,0.05562583753137338
173,1993,MD,89955776.0,3924178.0,0.0436234133536906
174,1993,ME,31228544.0,7469774.0,0.23919699874576286
175,1993,MI,212737098.0,2952064.0,0.013876583011393715
176,1993,MN,88081270.0,3355936.0,0.03810044973238919
177,1993,MO,107105938.0,6224848.0,0.058118607765705765
178,1993,MS,51883052.0,,
179,1993,MT,47745708.0,19228176.0,0.4027205125956034
180,1993,NC,190628888.0,10551754.0,0.055352334636710465
181,1993,ND,57326820.0,2830220.0,0.049369910977095886
182,1993,NE,45521714.0,2014826.0,0.04426076750976468
183,1993,NH,32485520.0,3156960.0,0.09718052843236001
184,1993,NJ,96689764.0,1679496.0,0.017369946212713892
185,1993,NM,57489056.0,611286.0,0.010633084669193386
186,1993,NV,47004944.0,7024470.0,0.14944108857995875
187,1993,NY,248442062.0,60065114.0,0.24176708853752793
188,1993,OH,270474584.0,577316.0,0.002134455635210442
189,1993,OK,106319346.0,8592824.0,0.08082088842043855
190,1993,OR,83819170.0,71918636.0,0.8580213333059729
191,1993,PA,362428264.0,5836800.0,0.016104704240174822
192,1993,RI,9330592.0,168366.0,0.01804451421731869
193,1993,SC,156349670.0,5546296.0,0.03547366617403158
194,1993,SD,10511022.0,5182230.0,0.4930281755665624
195,1993,TN,147768398.0,16911456.0,0.11444568817752224
196,1993,TX,599377430.0,4310006.0,0.007190804632066309
197,1993,UT,68116204.0,2016334.0,0.029601385303267926
198,1993,VA,122487020.0,1941518.0,0.01585080606908389
199,1993,VT,9287530.0,1962572.0,0.21131258795395547
200,1993,WA,175991552.0,135054746.0,0.767393346244256
201,1993,WI,100477104.0,5314348.0,0.052891134282691904
202,1993,WV,149498328.0,2228202.0,0.014904527895455794
203,1993,WY,81542708.0,1574854.0,0.019313241350777804
204,1994,AK,11933032.0,2723378.0,0.22822179643865867
205,1994,AL,201528514.0,22871840.0,0.11349183073914791
206,1994,AR,84064296.0,6993986.0,0.08319805592614492
207,1994,AZ,143868992.0,15339724.0,0.10662286422358475
208,1994,CA,372383982.0,88256304.0,0.23700349173450752
209,1994,CO,71303822.0,3368732.0,0.04724476059642357
210,1994,CT,62357834.0,3908112.0,0.06267235003704587
212,1994,DE,18460552.0,,
213,1994,FL,316293692.0,6903322.0,0.021825670807244554
214,1994,GA,208712818.0,9936924.0,0.04761051139657364
215,1994,HI,20217804.0,2150436.0,0.10636348042547054
216,1994,IA,66334012.0,2260722.0,0.03408088749403549
217,1994,ID,17453594.0,15856726.0,0.9085077835544931
218,1994,IL,282598590.0,821104.0,0.002905548821032688
219,1994,IN,214364114.0,887720.0,0.004141178219783559
220,1994,KS,75239738.0,19818.0,0.0002633980463887314
221,1994,KY,168194068.0,8027180.0,0.0477257021930167
222,1994,LA,158771922.0,2129682.0,0.01341346740137088
223,1994,MA,75878128.0,4451416.0,0.058665337658303854
224,1994,MD,90679236.0,4723200.0,0.0520868967180094
225,1994,ME,32912300.0,8046530.0,0.2444839771149388
226,1994,MI,196614778.0,2784814.0,0.014163808175192203
227,1994,MN,87795310.0,3598246.0,0.04098448994598914
228,1994,MO,123755356.0,3702102.0,0.029914681026007472
229,1994,MS,57340996.0,,
230,1994,MT,50305698.0,16299014.0,0.32399936086762976
231,1994,NC,201657324.0,15236240.0,0.07555510356767405
232,1994,ND,58311650.0,3740088.0,0.06413963590466056
233,1994,NE,43966262.0,2642430.0,0.0601013113191201
234,1994,NH,26924998.0,3230342.0,0.11997557065742401
235,1994,NJ,96870684.0,1967462.0,0.020310190026117704
236,1994,NM,60781348.0,447384.0,0.0073605475153331575
237,1994,NV,49035454.0,6741638.0,0.13748497158810846
238,1994,NY,252059144.0,57098962.0,0.22653001630442735
239,1994,OH,263527220.0,441202.0,0.0016742179422679752
240,1994,OK,100117544.0,4929270.0,0.049234827414463944
241,1994,OR,76881624.0,62632456.0,0.8146609390040981
242,1994,PA,368157402.0,6669628.0,0.018116240400892443
243,1994,RI,9465840.0,170064.0,0.01796607591085419
244,1994,SC,153885044.0,4939054.0,0.0320957376468632
245,1994,SD,15982520.0,10257520.0,0.6417961623073207
246,1994,TN,156669914.0,23002872.0,0.14682379923946343
247,1994,TX,614359048.0,3838004.0,0.006247167698586576
248,1994,UT,70393668.0,1890484.0,0.026855881412515683
249,1994,VA,124097848.0,2118368.0,0.017070142908521668
250,1994,VT,11234060.0,2077306.0,0.18491142116029288
251,1994,WA,177172952.0,131600582.0,0.7427803201021339
252,1994,WI,104717910.0,4873306.0,0.04653746431723093
253,1994,WV,162859084.0,2291270.0,0.01406903406137296
254,1994,WY,86004570.0,1794418.0,0.020864216866615343
255,1995,AK,12052232.0,2771408.0,0.22994977195925204
256,1995,AL,210378732.0,19018014.0,0.09039893823487823
257,1995,AR,83944176.0,6481932.0,0.07721717347014044
258,1995,AZ,139561878.0,16956896.0,0.12150091588764662
259,1995,CA,362926682.0,136662544.0,0.3765568936593094
260,1995,CO,71234468.0,4512104.0,0.06334158345928828
261,1995,CT,62944936.0,4534456.0,0.07203845596093703
263,1995,DE,18065674.0,,
264,1995,FL,334828744.0,7141444.0,0.021328646742467247
265,1995,GA,215757192.0,9604794.0,0.04451668058416333
266,1995,HI,20607966.0,1982426.0,0.09619707253010802
267,1995,IA,69505856.0,2134452.0,0.030708952062974377
268,1995,ID,23689210.0,22004642.0,0.9288888063384132
269,1995,IL,297315862.0,930526.0,0.003129755653601825
270,1995,IN,218313692.0,1103202.0,0.005053288183134203
271,1995,KS,76841410.0,22480.0,0.0002925505921872074
272,1995,KY,172331672.0,6846956.0,0.03973126889873151
273,1995,LA,169119448.0,2108762.0,0.012469068607650612
274,1995,MA,75308962.0,3896480.0,0.05173992439306228
275,1995,MD,92731286.0,3886396.0,0.041910299831278086
276,1995,ME,19526102.0,7833234.0,0.4011673195192773
277,1995,MI,214889224.0,3093806.0,0.014397213328854498
278,1995,MN,90341768.0,3737794.0,0.04137393016262422
279,1995,MO,131441916.0,3758008.0,0.028590636186404953
280,1995,MS,57961722.0,1694.0,2.9226184825909763e-05
281,1995,MT,51922628.0,21491706.0,0.41391791648142306
282,1995,NC,212589312.0,11485812.0,0.05402817240407646
283,1995,ND,58008494.0,4958720.0,0.08548265362655338
284,1995,NE,50608600.0,2884652.0,0.05699924518757681
285,1995,NH,30868758.0,3090396.0,0.10011403762989103
286,1995,NJ,90197316.0,2276558.0,0.02523975325385514
287,1995,NM,59662318.0,545946.0,0.009150599881151114
288,1995,NV,47927988.0,6990460.0,0.1458533998965281
289,1995,NY,266826562.0,53601248.0,0.20088422831007358
290,1995,OH,278687804.0,508162.0,0.0018234095382229213
291,1995,OK,105334734.0,5433830.0,0.05158630770359186
292,1995,OR,90531106.0,81688130.0,0.9023211314793834
293,1995,PA,370902622.0,4879092.0,0.01315464413190371
294,1995,RI,8976426.0,177796.0,0.01980699222608196
295,1995,SC,161827296.0,5733232.0,0.035428089955850214
296,1995,SD,17623586.0,12019742.0,0.682025894162516
297,1995,TN,171461670.0,18143532.0,0.1058168394137302
298,1995,TX,635272492.0,3556722.0,0.0055987344718839175
299,1995,UT,65614776.0,2216970.0,0.03378766392496715
300,1995,VA,125992042.0,1850936.0,0.014690896112311601
301,1995,VT,10320124.0,1945314.0,0.18849715371637007
302,1995,WA,204395172.0,165394882.0,0.8091917259180662
303,1995,WI,107846262.0,5223186.0,0.048431775966421536
304,1995,WV,161074854.0,2385358.0,0.014809003024146774
305,1995,WY,80503218.0,1597006.0,0.01983779083216276
306,1996,AK,12257784.0,2555696.0,0.20849576073456672
307,1996,AL,242945822.0,22178414.0,0.09128954685213726
308,1996,AR,92067126.0,5636174.0,0.06121809428481562
309,1996,AZ,143309636.0,18959506.0,0.1322974960315997
310,1996,CA,350526408.0,130413820.0,0.3720513405654732
311,1996,CO,74274720.0,3466720.0,0.04667429241066139
312,1996,CT,40422796.0,5398358.0,0.13354736767837633
314,1996,DE,17708898.0,,
315,1996,FL,334169872.0,7293446.0,0.021825564214837417
316,1996,GA,208640082.0,10181666.0,0.04880014378061834
317,1996,HI,21255788.0,1920620.0,0.0903575063883776
318,1996,IA,69377230.0,2008402.0,0.028949008197646404
319,1996,ID,28179616.0,26573862.0,0.9430171795101822
320,1996,IL,295466058.0,1130006.0,0.003824486669125291
321,1996,IN,219804204.0,1105020.0,0.005027292380631628
322,1996,KS,79884312.0,21938.0,0.00027462213106373124
323,1996,KY,176894992.0,6993978.0,0.0395374562101792
324,1996,LA,155479792.0,2119926.0,0.013634736532191914
325,1996,MA,75908040.0,4929248.0,0.06493710020704
326,1996,MD,92549234.0,6046602.0,0.06533389568626792
327,1996,ME,29868746.0,9437686.0,0.3159719527562356
328,1996,MI,225036618.0,3741486.0,0.016626120820923466
329,1996,MN,88656878.0,3869474.0,0.043645502608381945
330,1996,MO,136245056.0,2549054.0,0.018709332102296614
331,1996,MS,62554564.0,3838.0,6.135443610477406e-05
332,1996,MT,53674850.0,27589862.0,0.514018427624856
333,1996,NC,224395482.0,12696980.0,0.05658304653388699
334,1996,ND,61816980.0,6317504.0,0.10219690447511347
335,1996,NE,54702218.0,3226906.0,0.058990405105694255
336,1996,NH,34127298.0,4201204.0,0.12310391522938617
337,1996,NJ,75433166.0,1836070.0,0.02434035448015002
338,1996,NM,60322580.0,442746.0,0.0073396396506913335
339,1996,NV,51160816.0,7438300.0,0.14539056609261275
340,1996,NY,271464498.0,59899498.0,0.22065315516874698
341,1996,OH,288874428.0,806366.0,0.002791406652304994
342,1996,OK,103699240.0,4159938.0,0.040115414539200096
343,1996,OR,102023548.0,89939944.0,0.8815606373540351
344,1996,PA,383745246.0,7677546.0,0.020006882378420396
345,1996,RI,15440072.0,209216.0,0.013550195879915586
346,1996,SC,157537104.0,4727832.0,0.03001091095339673
347,1996,SD,20132548.0,15955340.0,0.7925146881557168
348,1996,TN,184244736.0,21697106.0,0.11776242008889741
349,1996,TX,657897866.0,2250812.0,0.0034212179675925563
350,1996,UT,65903722.0,2481738.0,0.03765702337722291
351,1996,VA,133790254.0,2999774.0,0.02242146875661063
352,1996,VT,10700238.0,2462768.0,0.2301601141955908
353,1996,WA,237316264.0,197370448.0,0.8316768715017357
354,1996,WI,108835474.0,5902070.0,0.05422928557282711
355,1996,WV,174488776.0,2850070.0,0.016333829976548177
356,1996,WY,82943992.0,2463594.0,0.02970189811939604
357,1997,AK,12309694.0,2208712.0,0.17942866816998052
358,1997,AL,239084664.0,23088460.0,0.09657022585103994
359,1997,AR,90387200.0,7053034.0,0.07803133629540467
360,1997,AZ,157650400.0,24802982.0,0.15732901407164207
361,1997,CA,345595190.0,121507564.0,0.3515892799318185
362,1997,CO,75285122.0,4203768.0,0.05583796490361004
363,1997,CT,35348596.0,5071504.0,0.1434711579492436
365,1997,DE,14445270.0,,
366,1997,FL,336493986.0,7094220.0,0.021082754210055926
367,1997,GA,215251916.0,9061378.0,0.04209661947910373
368,1997,HI,20624494.0,1965120.0,0.09528088301220869
369,1997,IA,70837880.0,1815562.0,0.02562981839659798
370,1997,ID,31178020.0,29369786.0,0.94200292385469
371,1997,IL,270281538.0,1477430.0,0.005466263108211261
372,1997,IN,229457814.0,1371298.0,0.005976253220995124
373,1997,KS,75834970.0,27762.0,0.00036608440670577174
374,1997,KY,183144190.0,6760466.0,0.03691335226086069
375,1997,LA,165643286.0,2280770.0,0.013769166593326337
376,1997,MA,89930656.0,5110276.0,0.05682462718830829
377,1997,MD,93414792.0,4351934.0,0.046587204304859985
378,1997,ME,20666812.0,8371786.0,0.40508357070263185
379,1997,MI,213941518.0,3439422.0,0.01607645880123184
380,1997,MN,86480590.0,3640404.0,0.042095041210981565
381,1997,MO,142748370.0,3062738.0,0.021455502434108355
382,1997,MS,67357904.0,1964.0,2.9157676877831592e-05
383,1997,MT,57173892.0,26812988.0,0.46897258629865535
384,1997,NC,230989378.0,11916520.0,0.05158903886913796
385,1997,ND,59705206.0,6647432.0,0.11133756074805269
386,1997,NE,56898534.0,3378826.0,0.05938335775048264
387,1997,NH,31760446.0,3628790.0,0.1142550076280415
388,1997,NJ,83512522.0,2124048.0,0.02543388642963028
389,1997,NM,62924714.0,530044.0,0.008423462997384461
390,1997,NV,54063044.0,8365950.0,0.1547443388500285
391,1997,NY,281663296.0,63264206.0,0.2246093363900705
392,1997,OH,285622496.0,1014924.0,0.0035533755716496505
393,1997,OK,105727954.0,5651850.0,0.05345653430501455
394,1997,OR,104825708.0,93588542.0,0.8928014299698315
395,1997,PA,386926396.0,6822710.0,0.01763309526186991
396,1997,RI,15419106.0,224198.0,0.01454027230891337
397,1997,SC,161656116.0,4341218.0,0.02685464742948544
398,1997,SD,24899002.0,18024520.0,0.7239053195786723
399,1997,TN,193628146.0,20853628.0,0.10769936308743049
400,1997,TX,672639020.0,3921830.0,0.005830512181704832
401,1997,UT,69424424.0,3025358.0,0.04357771841218301
402,1997,VA,137030668.0,2423756.0,0.01768769017458194
403,1997,VT,11361076.0,2134884.0,0.18791213085802788
404,1997,WA,244252334.0,208786068.0,0.8547966137347126
405,1997,WI,102828016.0,5635950.0,0.05480947915984297
406,1997,WV,183057754.0,2277538.0,0.01244163631549855
407,1997,WY,82819124.0,2761426.0,0.03334285448370596
408,1998,AK,11657690.0,2226664.0,0.1910038781267987
409,1998,AL,239724250.0,21145630.0,0.08820813914320308
410,1998,AR,91330602.0,6249060.0,0.0684224111432004
411,1998,AZ,164190144.0,22478360.0,0.13690444171849925
412,1998,CA,379201412.0,138513208.0,0.36527608710486553
413,1998,CO,77763126.0,3076420.0,0.03956142400962636
414,1998,CT,39382984.0,5018906.0,0.12743843889533613
416,1998,DE,13797170.0,,
417,1998,FL,379257992.0,7183746.0,0.018941581064954856
418,1998,GA,230647412.0,10232342.0,0.044363567365759124
419,1998,HI,20456164.0,1763406.0,0.08620413876228211
420,1998,IA,76897578.0,2005762.0,0.026083552332428466
421,1998,ID,27817346.0,25871200.0,0.9300384012191529
422,1998,IL,276929124.0,1527214.0,0.005514819019179796
423,1998,IN,234943050.0,1205558.0,0.005131277558540251
424,1998,KS,83170456.0,22850.0,0.0002747369811222389
425,1998,KY,181866056.0,6232036.0,0.03426717517863807
426,1998,LA,179297222.0,2432462.0,0.013566646336550602
427,1998,MA,91367232.0,5022444.0,0.0549698605294292
428,1998,MD,101306034.0,4689566.0,0.04629108272069954
429,1998,ME,22006634.0,9029326.0,0.41030018493514275
430,1998,MI,200954788.0,2937718.0,0.014618800722478929
431,1998,MN,96035810.0,3743210.0,0.03897723151395297
432,1998,MO,150374692.0,4715532.0,0.03135854801950318
433,1998,MS,68818112.0,1370.0,1.9907549919416564e-05
434,1998,MT,56921036.0,22235880.0,0.39064433050726627
435,1998,NC,242757648.0,11784602.0,0.04854471979395681
436,1998,ND,61343902.0,4594944.0,0.07490465800496356
437,1998,NE,57593582.0,3400854.0,0.059049183639940994
438,1998,NH,32177706.0,3661106.0,0.11377771926935998
439,1998,NJ,107715266.0,2370508.0,0.022007168417520317
440,1998,NM,64648138.0,491236.0,0.007598610187349866
441,1998,NV,61227040.0,9406838.0,0.15363862110596888
442,1998,NY,289726496.0,60677286.0,0.20942953729713418
443,1998,OH,295880114.0,813336.0,0.002748870104869569
444,1998,OK,112458486.0,6843986.0,0.0608578884834
445,1998,OR,102296968.0,80028632.0,0.7823167544907098
446,1998,PA,382383036.0,7630536.0,0.019955215795713282
447,1998,RI,15349022.0,239662.0,0.015614154439286099
448,1998,SC,174493122.0,5283758.0,0.030280608997299046
449,1998,SD,18177980.0,11515200.0,0.6334697254590445
450,1998,TN,195456914.0,20471970.0,0.1047390423855766
451,1998,TX,710640328.0,3198672.0,0.004501112410834078
452,1998,UT,71820860.0,2949536.0,0.04106795713668703
453,1998,VA,144398878.0,2778458.0,0.019241548400396852
454,1998,VT,9892594.0,2388098.0,0.24140260886072956
455,1998,WA,204317016.0,160052226.0,0.7833524056557286
456,1998,WI,112894862.0,4234084.0,0.03750466518130825
457,1998,WV,185644372.0,2172688.0,0.011703495110533165
458,1998,WY,90694592.0,2688734.0,0.02964602343654625
459,1999,AK,11604616.0,1633216.0,0.14073847855025964
460,1999,AL,241315016.0,15547864.0,0.06442974108167392
461,1999,AR,93107878.0,5399122.0,0.05798781065550651
462,1999,AZ,167786346.0,20175272.0,0.12024382484615286
463,1999,CA,376638446.0,119007526.0,0.3159728574283678
464,1999,CO,79042576.0,3261212.0,0.04125892860576811
465,1999,CT,57193796.0,5061660.0,0.08850015830388316
467,1999,DE,13703476.0,,
468,1999,FL,374526852.0,7351144.0,0.019627815631227424
469,1999,GA,234677490.0,5500400.0,0.023438123528592366
470,1999,HI,20807852.0,1837696.0,0.0883174294011703
471,1999,IA,77602962.0,2725106.0,0.03511600497929448
472,1999,ID,28873296.0,26998302.0,0.9350613106311105
473,1999,IL,326821040.0,1675356.0,0.005126218312015652
474,1999,IN,243529002.0,1065904.0,0.004376907847714992
475,1999,KS,84140460.0,24734.0,0.00029396083643944896
476,1999,KY,185363816.0,5113144.0,0.027584369540601172
477,1999,LA,179883506.0,1855088.0,0.010312718721415181
478,1999,MA,81150784.0,4886642.0,0.06021681811478248
479,1999,MD,103371242.0,4077342.0,0.03944367815567119
480,1999,ME,25347858.0,8567432.0,0.3379943188887992
481,1999,MI,206479430.0,3010480.0,0.014580047998001545
482,1999,MN,97038758.0,4790492.0,0.04936679012317944
483,1999,MO,147631420.0,3603572.0,0.0244092483835758
484,1999,MS,69689944.0,,
485,1999,MT,62838668.0,27644124.0,0.4399221829463349
486,1999,NC,234715230.0,7904474.0,0.033676868774131105
487,1999,ND,62834806.0,5229446.0,0.08322530668750693
488,1999,NE,60111502.0,3470464.0,0.05773377614154442
489,1999,NH,32378494.0,3304098.0,0.10204606798574387
490,1999,NJ,113606842.0,2474282.0,0.02177933966336288
491,1999,NM,65043712.0,507446.0,0.007801615012378137
492,1999,NV,61064262.0,8485166.0,0.13895469661125193
493,1999,NY,292561732.0,51801942.0,0.17706328727914422
494,1999,OH,284660862.0,846062.0,0.0029721753600254327
495,1999,OK,109730718.0,6141256.0,0.05596660727217697
496,1999,OR,113696694.0,91632504.0,0.8059381568297843
497,1999,PA,389056090.0,7070724.0,0.018174047860296957
498,1999,RI,12753762.0,240484.0,0.018855926588562652
499,1999,SC,180467016.0,1502302.0,0.008324523967304917
500,1999,SD,21114054.0,13354606.0,0.6324984297188971
501,1999,TN,186640274.0,14378058.0,0.07703620280797488
502,1999,TX,717889488.0,3029434.0,0.004219916924037757
503,1999,UT,73569256.0,2837682.0,0.03857157397378057
504,1999,VA,147795222.0,1054736.0,0.007136468863655146
505,1999,VT,11407186.0,2418600.0,0.21202424506797732
506,1999,WA,234168036.0,194392410.0,0.8301406687290147
507,1999,WI,117077708.0,4530556.0,0.03869699943220617
508,1999,WV,189385192.0,1860510.0,0.009823946531152235
509,1999,WY,87264982.0,2362750.0,0.027075579984649514
510,2000,AK,12313050.0,2003638.0,0.16272475138166417
511,2000,AL,248810680.0,11693286.0,0.046996720558779875
512,2000,AR,87751532.0,4755876.0,0.05419707088418696
513,2000,AZ,177893154.0,17295510.0,0.09722414612987298
514,2000,CA,416164966.0,116403772.0,0.279705841457111
515,2000,CO,88331092.0,3035008.0,0.03435945295457233
516,2000,CT,65935140.0,5350158.0,0.0811427411847461
518,2000,DE,11974902.0,37676.0,0.003146247042355754
519,2000,FL,383631680.0,7436164.0,0.019383602522085767
520,2000,GA,247754826.0,4830618.0,0.019497573782881628
521,2000,HI,21186806.0,1841726.0,0.08692796828365729
522,2000,IA,83084020.0,2972784.0,0.035780454532652606
523,2000,ID,23820884.0,21933390.0,0.9207630581635845
524,2000,IL,356992162.0,2104438.0,0.005894913737629903
525,2000,IN,255639032.0,1436316.0,0.005618531680248265
526,2000,KS,89631810.0,30664.0,0.00034211068592723945
527,2000,KY,186012166.0,4649136.0,0.024993720034419683
528,2000,LA,185731270.0,1254346.0,0.006753553130821751
529,2000,MA,77395762.0,4879012.0,0.06303978246250744
530,2000,MD,102290760.0,4742898.0,0.04636682726768283
531,2000,ME,28095894.0,8343370.0,0.2969604740109
532,2000,MI,208419188.0,2945532.0,0.014132729468267576
533,2000,MN,102846678.0,4906258.0,0.04770458409944947
534,2000,MO,153187878.0,981356.0,0.006406224910302629
535,2000,MS,75229126.0,436.0,5.79562761369845e-06
536,2000,MT,52903656.0,19246514.0,0.3638030989767512
537,2000,NC,244548712.0,6710588.0,0.027440700648629874
538,2000,ND,62622392.0,4261072.0,0.06804390352894855
539,2000,NE,58219726.0,3034476.0,0.05212109723773004
540,2000,NH,30062998.0,3342968.0,0.11119875669086629
541,2000,NJ,116170430.0,2475444.0,0.021308727186427734
542,2000,NM,68044040.0,459232.0,0.006749040768302411
543,2000,NV,70969830.0,7600518.0,0.10709505715315931
544,2000,NY,276158150.0,52322184.0,0.18946456586560997
545,2000,OH,298120560.0,1219794.0,0.00409161313798686
546,2000,OK,111143914.0,4304154.0,0.03872595309177253
547,2000,OR,103579950.0,76555258.0,0.7390934056253164
548,2000,PA,403375960.0,7836222.0,0.019426596468465795
549,2000,RI,11943090.0,240212.0,0.020113052819663923
550,2000,SC,186692480.0,1040330.0,0.005572425841683607
551,2000,SD,19394674.0,11431016.0,0.5893894375332115
552,2000,TN,191677168.0,11407126.0,0.059512179353568076
553,2000,TX,755484730.0,2894648.0,0.0038315109294134904
554,2000,UT,73218148.0,1823188.0,0.024900766405618453
555,2000,VA,154378740.0,-324154.0,-0.0020997321263277573
556,2000,VT,12606028.0,2466678.0,0.1956744820811123
557,2000,WA,216473760.0,161027112.0,0.7438643464224024
558,2000,WI,119288834.0,4607188.0,0.038622122838420904
559,2000,WV,185730352.0,2330670.0,0.012548675942852895
560,2000,WY,90988560.0,2513892.0,0.027628660130460357
561,2001,AK,13487532.0,2693230.0,0.19968293680415364
562,2001,AL,250690226.0,16746978.0,0.06680347402136053
563,2001,AR,94384070.0,5111106.0,0.054152210219372825
564,2001,AZ,179822544.0,15878592.0,0.08830145345958403
565,2001,CA,397192150.0,86995852.0,0.21902711823483922
566,2001,CO,93752004.0,2713916.0,0.02894781854476412
567,2001,CT,60981292.0,2390594.0,0.039202088404424094
569,2001,DE,13615368.0,,
570,2001,FL,381890688.0,4218478.0,0.011046297101646008
571,2001,GA,236633578.0,4110274.0,0.017369783421015594
572,2001,HI,21266186.0,1194345.0,0.056161692557377234
573,2001,IA,81317024.0,2873532.0,0.03533739749255949
574,2001,ID,18693882.0,14446252.0,0.7727796719803838
575,2001,IL,358498570.0,1645193.0,0.0045891201183870835
576,2001,IN,245139346.0,1370544.0,0.005590877280059318
577,2001,KS,89497046.0,130788.0,0.0014613666690183272
578,2001,KY,190835252.0,7711016.0,0.040406664487754075
579,2001,LA,175788754.0,1591706.0,0.00905465203991377
580,2001,MA,76956868.0,2348348.0,0.030515119196378938
581,2001,MD,98124680.0,3089188.0,0.03148227336894245
582,2001,ME,39129643.0,5881416.0,0.15030589468960912
583,2001,MI,223691220.0,2192974.0,0.0098035765552175
584,2001,MN,97046452.0,4468040.0,0.04604021999691447
585,2001,MO,159089746.0,1694146.0,0.010648995567571025
586,2001,MS,106892904.0,2.0,1.8710315887759957e-08
587,2001,MT,48464970.0,13226948.0,0.2729176970500549
588,2001,NC,234991700.0,5409331.0,0.02301924280729915
589,2001,ND,60664144.0,2679482.0,0.04416912237317649
590,2001,NE,60970424.0,2286830.0,0.03750720185249163
591,2001,NH,30149248.0,2314866.0,0.07678022350673555
592,2001,NJ,118842520.0,1439788.0,0.012115091467262726
593,2001,NM,67223286.0,511944.0,0.007615575352862102
594,2001,NV,67751932.0,7427190.0,0.1096232945799981
595,2001,NY,287829118.0,46903646.0,0.16295657064133448
596,2001,OH,284523614.0,1077346.0,0.0037864906355364937
597,2001,OK,110498900.0,4432422.0,0.040112815602689256
598,2001,OR,90103812.0,57565924.0,0.63888444586562
599,2001,PA,393153182.0,4668028.0,0.011873305911587407
600,2001,RI,15003784.0,213518.0,0.014230943340693254
601,2001,SC,178317974.0,435531.0,0.0024424402668460107
602,2001,SD,14801486.0,6865472.0,0.46383667153419594
603,2001,TN,192443952.0,12510806.0,0.06501012824762609
604,2001,TX,745160004.0,4967332.0,0.006666128044091856
605,2001,UT,71707500.0,1333286.0,0.018593396785552416
606,2001,VA,148209500.0,-1253768.0,-0.008459430738245524
607,2001,VT,10961228.0,1792692.0,0.16354846373052362
608,2001,WA,166097338.0,109780262.0,0.660939322218397
609,2001,WI,117526862.0,4906208.0,0.04174541816661454
610,2001,WV,163673450.0,1932544.0,0.011807315114332837
611,2001,WY,89553876.0,2488540.0,0.027788188643001897
612,2002,AK,13534650.0,2900950.0,0.2143350585349455
613,2002,AL,265841340.0,17686376.0,0.06652981812384785
614,2002,AR,95223288.0,6880974.0,0.07226146192305395
615,2002,AZ,188263332.0,15209898.0,0.08079054927169779
616,2002,CA,368420061.0,100698044.0,0.2733239979567779
617,2002,CO,91200776.0,2315166.0,0.02538537610688751
618,2002,CT,62622437.0,2292466.0,0.0366077417268191
620,2002,DE,12004978.0,,
621,2002,FL,406705549.0,4742006.0,0.011659555694923652
622,2002,GA,253024430.0,4460022.0,0.017626843384253448
623,2002,HI,23326140.0,931972.0,0.03995397438238817
624,2002,IA,85056769.0,3926920.0,0.04616822442432536
625,2002,ID,19573866.0,17538642.0,0.8960234018154615
626,2002,IL,376108898.0,1704660.0,0.004532357540767355
627,2002,IN,251216278.0,1054432.0,0.004197307628289915
628,2002,KS,94376892.0,958850.0,0.010159796319632989
629,2002,KY,184213336.0,8049498.0,0.043696608371502486
630,2002,LA,189941927.0,1906042.0,0.010034867130730964
631,2002,MA,84055634.0,2395460.0,0.02849850612036309
632,2002,MD,96558176.0,3999432.0,0.041419920773979824
633,2002,ME,45070067.0,6175242.0,0.13701426270344794
634,2002,MI,235778174.0,2758290.0,0.011698665543147349
635,2002,MN,105555932.0,4436758.0,0.04203229431009145
636,2002,MO,162324395.0,2412968.0,0.014865097756871356
637,2002,MS,85777624.0,4.0,4.66322079520412e-08
638,2002,MT,50947410.0,19133818.0,0.3755601707721747
639,2002,NC,248936059.0,7241348.0,0.029089188722152944
640,2002,ND,62612624.0,3186052.0,0.050885137795854074
641,2002,NE,63236988.0,2237114.0,0.03537666911017331
642,2002,NH,31906156.0,2612254.0,0.08187304042517689
643,2002,NJ,123138774.0,1426858.0,0.011587398133426276
644,2002,NM,61323414.0,567998.0,0.009262334937842828
645,2002,NV,64177870.0,6789738.0,0.10579562705960793
646,2002,NY,279183374.0,51044242.0,0.18283410386751756
647,2002,OH,294137699.0,1027146.0,0.003492058323336513
648,2002,OK,118366838.0,3619952.0,0.030582484597586362
649,2002,OR,94198737.0,69675744.0,0.7396674968158012
650,2002,PA,408645756.0,5698028.0,0.013943685738412514
651,2002,RI,14113530.0,202874.0,0.014374433610868436
652,2002,SC,193126996.0,524114.0,0.002713830851488002
653,2002,SD,15443916.0,8719392.0,0.5645842673580975
654,2002,TN,192228524.0,14654310.0,0.07623379556303517
655,2002,TX,771257084.0,8050567.0,0.010438240590604416
656,2002,UT,73216006.0,1363306.0,0.018620327363937334
657,2002,VA,150011303.0,-914537.0,-0.006096453945207049
658,2002,VT,10912380.0,2250588.0,0.20624171812198622
659,2002,WA,205530095.0,157520306.0,0.7664099313533621
660,2002,WI,116862876.0,5771325.0,0.0493854438427478
661,2002,WV,189523503.0,2160580.0,0.01140006366387181
662,2002,WY,87567678.0,2061890.0,0.023546244996926834
663,2003,AK,12677466.0,3175110.0,0.25045304795138085
664,2003,AL,274974444.0,25377684.0,0.09229106396520252
665,2003,AR,100802202.0,5518949.0,0.054750282141654005
666,2003,AZ,188792435.0,14807686.0,0.07843368300218173
667,2003,CA,385577084.0,110246943.0,0.28592711438213997
668,2003,CO,93233574.0,2474272.0,0.026538422735998515
669,2003,CT,59090101.0,2700518.0,0.045701698834462984
671,2003,DE,14784574.0,,
672,2003,FL,425220022.0,5052723.0,0.01188260838761727
673,2003,GA,248153670.0,7276196.0,0.029321331415328254
674,2003,HI,21952742.0,1235072.0,0.056260489008616785
675,2003,IA,84232383.0,3769466.0,0.04475079376538593
676,2003,ID,20845870.0,16708068.0,0.8015049503810587
677,2003,IL,378110521.0,1914902.0,0.0050643975600985726
678,2003,IN,249776436.0,1086182.0,0.004348616776644215
679,2003,KS,93135118.0,756748.0,0.008125270212252268
680,2003,KY,183437640.0,7897632.0,0.04305349763549073
681,2003,LA,189770078.0,1913304.0,0.010082221708313783
682,2003,MA,96770048.0,3395684.0,0.03509023783888172
683,2003,MD,104488476.0,6035589.0,0.05776320251814181
684,2003,ME,37943271.0,6941456.0,0.18294300457121895
685,2003,MI,222694121.0,2197103.0,0.009866012583241926
686,2003,MN,110101993.0,4557298.0,0.04139160314745619
687,2003,MO,174450174.0,813566.0,0.004663600966084448
688,2003,MS,80296557.0,14158.0,0.00017632138324436502
689,2003,MT,52537454.0,17403544.0,0.3312597523283104
690,2003,NC,255164639.0,14868540.0,0.05827037813025495
691,2003,ND,62644258.0,3566768.0,0.05693687041516239
692,2003,NE,60911968.0,2149546.0,0.0352893868081885
693,2003,NH,43194215.0,2979578.0,0.06898095034254008
694,2003,NJ,114798703.0,1651560.0,0.014386573688031997
695,2003,NM,65471304.0,706868.0,0.01079660793070503
696,2003,NV,66389776.0,5644832.0,0.08502562201746244
697,2003,NY,275286631.0,49361555.0,0.179309670145224
698,2003,OH,293276256.0,1088270.0,0.003710733404889075
699,2003,OK,121253712.0,3293390.0,0.02716114785830227
700,2003,OR,97932276.0,67558030.0,0.6898443777616279
701,2003,PA,412699028.0,7938924.0,0.019236594858178344
702,2003,RI,11242289.0,215578.0,0.01917563229338794
703,2003,SC,187545356.0,5020600.0,0.026770057692071032
704,2003,SD,15887674.0,8641104.0,0.5438872927528599
705,2003,TN,184443584.0,22675702.0,0.1229411265398096
706,2003,TX,758399369.0,7652232.0,0.010089976749440044
707,2003,UT,76047332.0,1249774.0,0.01643415971516266
708,2003,VA,150618839.0,1914449.0,0.012710554753379821
709,2003,VT,12055924.0,2329734.0,0.19324391892317835
710,2003,WA,200189381.0,145078124.0,0.724704393786002
711,2003,WI,120244848.0,4623152.0,0.0384478177393513
712,2003,WV,189423105.0,3059688.0,0.016152665220011044
713,2003,WY,87253204.0,1920066.0,0.022005679012085333
714,2004,AK,13053436.0,3013696.0,0.23087377147289034
715,2004,AL,274709540.0,21298196.0,0.07752987391701067
716,2004,AR,103855264.0,7401586.0,0.07126827967044598
717,2004,AZ,209128288.0,13935940.0,0.0666382349957362
718,2004,CA,389560710.0,106936182.0,0.27450453614790876
719,2004,CO,95738983.0,2515796.0,0.026277655362184075
720,2004,CT,65266814.0,2445378.0,0.03746740265274784
722,2004,DE,15711104.0,,
723,2004,FL,436235856.0,5101011.0,0.011693241006764011
724,2004,GA,253625428.0,5796028.0,0.022852708601441965
725,2004,HI,22820806.0,1287032.0,0.056397306913699714
726,2004,IA,86496381.0,4203674.0,0.048599420593099726
727,2004,ID,21726078.0,16923310.0,0.7789399448901914
728,2004,IL,383915558.0,1951057.0,0.00508199514019174
729,2004,IN,255540795.0,1162182.0,0.004547931378236497
730,2004,KS,93565316.0,742358.0,0.007934115244157354
731,2004,KY,189059896.0,7684300.0,0.040644791214737575
732,2004,LA,196344616.0,2350792.0,0.011972785645418461
733,2004,MA,95000964.0,3231039.0,0.03401059172410082
734,2004,MD,104105540.0,5808689.0,0.055796156477359415
735,2004,ME,38197771.0,7682658.0,0.20112843757296728
736,2004,MI,236974538.0,2236822.0,0.009439081594496029
737,2004,MN,104728254.0,3765919.0,0.03595895907898932
738,2004,MO,175265820.0,3209362.0,0.01831139693980264
739,2004,MS,87325226.0,6178.0,7.07470256074688e-05
740,2004,MT,53577534.0,17712062.0,0.3305874809393056
741,2004,NC,252659914.0,11251232.0,0.04453113207344795
742,2004,ND,59872212.0,3531980.0,0.058991974440496704
743,2004,NE,64017418.0,1981940.0,0.030959386709410865
744,2004,NH,47751575.0,2941884.0,0.06160810402588815
745,2004,NJ,111764683.0,1112192.0,0.009951193616323325
746,2004,NM,65880721.0,1304824.0,0.019805854887350125
747,2004,NV,75334868.0,5825254.0,0.07732480529467443
748,2004,NY,275929586.0,49182075.0,0.17824139742666087
749,2004,OH,296691812.0,1519890.0,0.005122790513679562
750,2004,OK,121459122.0,6631082.0,0.05459517482762637
751,2004,OR,102762556.0,67571942.0,0.657554119226073
752,2004,PA,429317004.0,8130510.0,0.0189382435921406
753,2004,RI,9878838.0,213974.0,0.021659834891512544
754,2004,SC,195879859.0,2733558.0,0.01395527857716091
755,2004,SD,15020428.0,7510374.0,0.5000106521598452
756,2004,TN,195189084.0,19271804.0,0.09873402551548426
757,2004,TX,780598263.0,9380158.0,0.012016626790777269
758,2004,UT,76423952.0,1297090.0,0.01697229685269351
759,2004,VA,157800081.0,2232352.0,0.01414671010213233
760,2004,VT,10940756.0,2397240.0,0.21911100110449405
761,2004,WA,204330105.0,144975807.0,0.7095176063262925
762,2004,WI,120889869.0,4979364.0,0.041189257968341414
763,2004,WV,179499122.0,2961978.0,0.016501350909114754
764,2004,WY,89615208.0,2419324.0,0.026996801703567993
765,2005,AK,13153319.0,2938808.0,0.22342710611671474
766,2005,AL,275897163.0,20321990.0,0.0736578433030136
767,2005,AR,95589020.0,6261822.0,0.06550775392403856
768,2005,AZ,202957309.0,13158732.0,0.06483497472860167
769,2005,CA,400585634.0,119593535.0,0.2985467396966113
770,2005,CO,99233389.0,4206692.0,0.042391900975991055
771,2005,CT,67099494.0,2445134.0,0.036440423827935275
773,2005,DE,16273137.0,,
774,2005,FL,440512824.0,5142231.0,0.011673283318535127
775,2005,GA,273335782.0,7799910.0,0.028536000456756885
776,2005,HI,23045611.0,1268313.0,0.055034904477039036
777,2005,IA,88312319.0,5447005.0,0.06167888083654558
778,2005,ID,21649967.0,17084242.0,0.7891116877914872
779,2005,IL,388240292.0,1823836.0,0.0046976989188953116
780,2005,IN,260743145.0,1011949.0,0.0038810186169994996
781,2005,KS,91725392.0,874320.0,0.009531929828111282
782,2005,KY,195644838.0,6049018.0,0.030918362384802608
783,2005,LA,185233756.0,1782690.0,0.009624001793711942
784,2005,MA,95030887.0,3437190.0,0.036169187813642104
785,2005,MD,105323199.0,4242038.0,0.04027638773106389
786,2005,ME,37687954.0,8762313.0,0.2324963833271501
787,2005,MI,243239543.0,2147752.0,0.008829781430727322
788,2005,MN,106037990.0,5540974.0,0.052254611766971444
789,2005,MO,181656462.0,2507712.0,0.013804694709952018
790,2005,MS,90134907.0,10688.0,0.00011857781136890728
791,2005,MT,55877558.0,19174698.0,0.3431556189338124
792,2005,NC,259497155.0,11282898.0,0.04347985240917188
793,2005,ND,63865232.0,3144316.0,0.04923361117673541
794,2005,NE,62929467.0,2021454.0,0.03212253490085972
795,2005,NH,48940026.0,3910138.0,0.07989652477912455
796,2005,NJ,121099168.0,1246623.0,0.01029423257474403
797,2005,NM,70271284.0,1928540.0,0.027444211777886397
798,2005,NV,80427504.0,5930174.0,0.07373315974097618
799,2005,NY,293774839.0,52925030.0,0.18015508128659039
800,2005,OH,313952647.0,1111546.0,0.003540489340101025
801,2005,OK,137215654.0,6648618.0,0.04845378647541191
802,2005,OR,98650006.0,63561324.0,0.6443114053130418
803,2005,PA,436182250.0,6326164.0,0.014503487934229327
804,2005,RI,12106589.0,13468.0,0.0011124520705212673
805,2005,SC,205029329.0,3654262.0,0.017823118369567507
806,2005,SD,13041538.0,6465340.0,0.4957498111035677
807,2005,TN,194234330.0,17566272.0,0.09043855429676104
808,2005,TX,793337446.0,11632948.0,0.014663303816872902
809,2005,UT,76330260.0,1946426.0,0.025500057251213345
810,2005,VA,157886092.0,1517466.0,0.009611144216553286
811,2005,VT,11433508.0,2444594.0,0.2138096199346692
812,2005,WA,203931701.0,145543964.0,0.7136897465490174
813,2005,WI,123649328.0,4363044.0,0.035285626461310005
814,2005,WV,187252571.0,3203422.0,0.017107492745720432
815,2005,WY,91134614.0,3051278.0,0.03348099987563452
816,2006,AK,13348394.0,2461088.0,0.1843733410925689
817,2006,AL,281790883.0,14542476.0,0.05160733322944305
818,2006,AR,104337406.0,3197406.0,0.03064486767094823
819,2006,AZ,208785055.0,13973566.0,0.06692799922868042
820,2006,CA,433597375.0,137273638.0,0.31659241018237255
821,2006,CO,101396707.0,4973866.0,0.049053525969043554
822,2006,CT,69363473.0,2597336.0,0.03744529919947924
824,2006,DE,14364360.0,834.0,5.8060366072696594e-05
825,2006,FL,447503243.0,5110246.0,0.011419461378070952
826,2006,GA,276020415.0,4450404.0,0.01612345956367032
827,2006,HI,23118348.0,1475459.0,0.06382199108690638
828,2006,IA,90966924.0,6728130.0,0.07396237779789058
829,2006,ID,26772171.0,22823978.0,0.8525262295687563
830,2006,IL,384853917.0,2044208.0,0.005311646600702261
831,2006,IN,260979573.0,1419455.0,0.005438950580243305
832,2006,KS,91047472.0,2003078.0,0.022000369213985425
833,2006,KY,197584028.0,5362276.0,0.027139217953386394
834,2006,LA,181843655.0,1589294.0,0.008739892519208328
835,2006,MA,91195550.0,4174636.0,0.04577675116823134
836,2006,MD,97913760.0,5024740.0,0.05131801699781522
837,2006,ME,33632345.0,9122330.0,0.2712368108735802
838,2006,MI,225113477.0,2440356.0,0.010840559314891663
839,2006,MN,106475574.0,6081887.0,0.05712002078523662
840,2006,MO,183372688.0,541282.0,0.0029518136310462983
841,2006,MS,92457696.0,12960.0,0.00014017221454447665
842,2006,MT,56487074.0,21132262.0,0.37410792423059475
843,2006,NC,250429569.0,8124188.0,0.032441009392145705
844,2006,ND,61762274.0,3788126.0,0.06133397873271311
845,2006,NE,63339938.0,2413294.0,0.03810066880709609
846,2006,NH,44127390.0,3370618.0,0.07638380606693485
847,2006,NJ,121400275.0,1307237.0,0.010767990434947533
848,2006,NM,74531251.0,2951064.0,0.039594988147991776
849,2006,NV,63720044.0,6802674.0,0.1067587775049245
850,2006,NY,284530865.0,57326622.0,0.20147769205987548
851,2006,OH,310868148.0,1360916.0,0.004377791706083699
852,2006,OK,141229762.0,4439094.0,0.03143171762903629
853,2006,OR,106681390.0,77760985.0,0.728908622206741
854,2006,PA,437623191.0,7871562.0,0.01798707692344394
855,2006,RI,11935450.0,309644.0,0.025943219568596073
856,2006,SC,198535213.0,1586204.0,0.007989534833803009
857,2006,SD,14264486.0,7091596.0,0.4971504756638269
858,2006,TN,187822206.0,14387782.0,0.07660319994324846
859,2006,TX,801165756.0,15176374.0,0.018942864053215974
860,2006,UT,82526646.0,1904518.0,0.02307761301725506
861,2006,VA,146139076.0,1724315.0,0.011799137145221857
862,2006,VT,14168688.0,3058706.0,0.21587785686296432
863,2006,WA,216406310.0,166552785.0,0.7696299844491595
864,2006,WI,123279688.0,4340717.0,0.03521031785868894
865,2006,WV,187631609.0,3492972.0,0.018616117074389104
866,2006,WY,90800740.0,3204754.0,0.035294359935833124
867,2007,AK,13642784.0,2604862.0,0.19093331683621173
868,2007,AL,287652541.0,8305704.0,0.028874085280546854
869,2007,AR,109192472.0,6618596.0,0.06061403207356639
870,2007,AZ,226681942.0,13529442.0,0.059684692484238556
871,2007,CA,421695163.0,98150742.0,0.23275282861141094
872,2007,CO,107814983.0,5772602.0,0.05354174196734789
873,2007,CT,66342423.0,2152140.0,0.03243987636689121
875,2007,DE,17068326.0,96232.0,0.005638045582208823
876,2007,FL,450832118.0,5054930.0,0.011212444273990258
877,2007,GA,290310314.0,3935726.0,0.013556962361316588
878,2007,HI,23066699.0,1691381.0,0.07332566311287107
879,2007,IA,99578436.0,7740211.0,0.07772979081535283
880,2007,ID,22968182.0,18387914.0,0.8005820399716442
881,2007,IL,400521361.0,2876958.0,0.0071830326173289915
882,2007,IN,261275996.0,1362366.0,0.005214279232907412
883,2007,KS,100244392.0,2326078.0,0.023204071106541303
884,2007,KY,194450639.0,3528000.0,0.01814342199204601
885,2007,LA,185156657.0,1816308.0,0.009809574386515306
886,2007,MA,94151949.0,2176004.0,0.02311161928257056
887,2007,MD,100395847.0,4105160.0,0.04088973919409236
888,2007,ME,32257137.0,8195163.0,0.25405735791121203
889,2007,MI,238619872.0,1730586.0,0.007252480631621494
890,2007,MN,108955294.0,7718011.0,0.07083649372741814
891,2007,MO,182306163.0,3233976.0,0.0177392576684311
892,2007,MS,100087371.0,10034.0,0.00010025240846819726
893,2007,MT,57862987.0,19720224.0,0.34080895270753997
894,2007,NC,260230602.0,6416000.0,0.024655055749361866
895,2007,ND,62448211.0,3879344.0,0.06212097893404825
896,2007,NE,64885396.0,1250936.0,0.019279161061142327
897,2007,NH,46554342.0,2836090.0,0.06091998894539203
898,2007,NJ,125342491.0,1191106.0,0.009502810982111405
899,2007,NM,71970666.0,3354422.0,0.04660818339516269
900,2007,NV,65339472.0,6599698.0,0.10100629524523859
901,2007,NY,291757373.0,53533995.0,0.18348806218514999
902,2007,OH,310311091.0,892402.0,0.002875830177787619
903,2007,OK,145638189.0,9505766.0,0.06526973498688589
904,2007,OR,110155587.0,69946333.0,0.6349776248752594
905,2007,PA,452176679.0,6879511.0,0.015214210107461115
906,2007,RI,14099688.0,318242.0,0.022570854050103804
907,2007,SC,206804284.0,891800.0,0.0043122897782910535
908,2007,SD,12273210.0,6134602.0,0.4998367990118315
909,2007,TN,190226818.0,8675308.0,0.04560507341294012
910,2007,TX,810984589.0,22035770.0,0.02717162606896344
911,2007,UT,90745149.0,1467474.0,0.01617137683029205
912,2007,VA,156721015.0,802452.0,0.005120257803332884
913,2007,VT,11647164.0,1314232.0,0.11283708205705698
914,2007,WA,213980434.0,162975763.0,0.7616386225293851
915,2007,WI,126781262.0,4121043.0,0.03250514259749205
916,2007,WV,187866221.0,2843970.0,0.015138272249591906
917,2007,WY,91266974.0,2968610.0,0.032526661834980965
918,2008,AK,13549669.0,2353102.0,0.17366490650066801
919,2008,AL,291739792.0,12339692.0,0.04229691094041776
920,2008,AR,110101054.0,9509248.0,0.08636836482964096
921,2008,AZ,238918343.0,14836284.0,0.06209771846609534
922,2008,CA,415968527.0,91498909.0,0.21996594227908978
923,2008,CO,106883187.0,10149070.0,0.09495478460985636
924,2008,CT,60818944.0,2589698.0,0.042580449933494406
926,2008,DE,15047678.0,326750.0,0.021714313663543306
927,2008,FL,439273637.0,5080570.0,0.011565843183072695
928,2008,GA,272346790.0,4218762.0,0.015490404715252933
929,2008,HI,22752770.0,1722281.0,0.07569544279663531
930,2008,IA,106173574.0,10140196.0,0.09550583650880962
931,2008,ID,23941104.0,19311040.0,0.8066060779820345
932,2008,IL,398950358.0,6345830.0,0.015906314840304015
933,2008,IN,259020590.0,1896347.0,0.007321221065861984
934,2008,KS,93260642.0,3539972.0,0.03795783434559672
935,2008,KY,195726683.0,4052700.0,0.020705914686144248
936,2008,LA,184906282.0,2270518.0,0.012279290759845574
937,2008,MA,85010956.0,2980418.0,0.035059222248953414
938,2008,MD,94721903.0,4777717.0,0.05043941104097117
939,2008,ME,34189839.0,9693641.0,0.28352403180371805
940,2008,MI,229979614.0,2659190.0,0.011562720511392805
941,2008,MN,109526720.0,11705446.0,0.10687297127130256
942,2008,MO,182057591.0,5673081.0,0.031160914350448588
943,2008,MS,96411422.0,10102.0,0.00010478011619826539
944,2008,MT,59274274.0,21185390.0,0.3574128972039371
945,2008,NC,250478125.0,6069722.0,0.02423254326101331
946,2008,ND,65469158.0,5918350.0,0.09039905477324148
947,2008,NE,64747045.0,1243137.0,0.019199903254272066
948,2008,NH,45753985.0,3597136.0,0.07861907547506518
949,2008,NJ,127349578.0,1312436.0,0.010305774236644898
950,2008,NM,74019674.0,3947920.0,0.053336090077889295
951,2008,NV,70179949.0,6578906.0,0.09374338530796025
952,2008,NY,280644197.0,57629104.0,0.20534578878180046
953,2008,OH,306824504.0,1183388.0,0.0038568888226736936
954,2008,OK,152657818.0,12342746.0,0.08085236748241745
955,2008,OR,117436876.0,73022010.0,0.6217979606337621
956,2008,PA,444701852.0,8681794.0,0.019522729579277757
957,2008,RI,14774532.0,326768.0,0.02211697805385646
958,2008,SC,201956014.0,-47380.0,-0.00023460554138288748
959,2008,SD,14165344.0,6279816.0,0.4433225200884638
960,2008,TN,181326622.0,9986822.0,0.05507642446457752
961,2008,TX,809575560.0,35405924.0,0.04373393386529603
962,2008,UT,93157525.0,1939892.0,0.020823782083089905
963,2008,VA,145357064.0,310954.0,0.0021392424381934407
964,2008,VT,13640432.0,3006278.0,0.22039463266266054
965,2008,WA,221656902.0,163021672.0,0.7354685125031658
966,2008,WI,126959109.0,5190075.0,0.040879894643873094
967,2008,WV,182246192.0,3279894.0,0.017997050934265887
968,2008,WY,93000896.0,3595634.0,0.03866235869383452
969,2009,AK,13404318.0,2674564.0,0.19953003203892955
970,2009,AL,286511113.0,25099710.0,0.08760466474471446
971,2009,AR,114915480.0,8700242.0,0.07570992176162863
972,2009,AZ,223942499.0,13325010.0,0.0595019259832409
973,2009,CA,409552265.0,99697063.0,0.24342940210573613
974,2009,CO,101131903.0,10045302.0,0.0993287152917512
975,2009,CT,62412445.0,2546078.0,0.040794396053543486
977,2009,DE,9683125.0,251222.0,0.02594431033369909
978,2009,FL,435904616.0,5188818.0,0.011903562865688947
979,2009,GA,257396750.0,7222542.0,0.028059958022002996
980,2009,HI,22021068.0,1634968.0,0.0742456269605089
981,2009,IA,103720129.0,17119145.0,0.16505132769358588
982,2009,ID,26200304.0,21647264.0,0.8262218636852457
983,2009,IL,387728713.0,7331342.0,0.01890843198914701
984,2009,IN,233340559.0,4418612.0,0.018936322167634818
985,2009,KS,93354616.0,5752130.0,0.06161591409684552
986,2009,KY,181260852.0,6837030.0,0.037719286456846184
987,2009,LA,181987353.0,2607074.0,0.014325577887821688
988,2009,MA,77933304.0,3562628.0,0.04571380676995293
989,2009,MD,87549663.0,4528983.0,0.051730444696286265
990,2009,ME,32699699.0,9566347.0,0.2925515308260177
991,2009,MI,202405213.0,3298492.0,0.016296477502286466
992,2009,MN,104983699.0,13498827.0,0.12858021891570043
993,2009,MO,176708546.0,5912242.0,0.033457589538425606
994,2009,MS,97402968.0,13920.0,0.00014291145625049126
995,2009,MT,53425469.0,20653728.0,0.3865895496397046
996,2009,NC,236814804.0,10700776.0,0.04518626293312305
997,2009,ND,68392933.0,8968706.0,0.13113498144610936
998,2009,NE,68003783.0,1765038.0,0.025954997238903606
999,2009,NH,40328243.0,3788494.0,0.09394145933905428
1000,2009,NJ,123622480.0,1580397.0,0.012784058368672106
1001,2009,NM,79348678.0,3702690.0,0.04666353735597208
1002,2009,NV,75410266.0,8536234.0,0.11319724028025574
1003,2009,NY,266301099.0,62131749.0,0.23331390382283027
1004,2009,OH,272180451.0,1502942.0,0.005521858731874906
1005,2009,OK,150133618.0,12593902.0,0.08388462336263687
1006,2009,OR,113381713.0,73263118.0,0.6461634426003071
1007,2009,PA,438992286.0,9220082.0,0.02100283374911057
1008,2009,RI,15393649.0,298672.0,0.01940228726795057
1009,2009,SC,200250973.0,2985632.0,0.014909450652207317
1010,2009,SD,16393064.0,9718414.0,0.5928369461621086
1011,2009,TN,159433776.0,19300354.0,0.12105561622024182
1012,2009,TX,794335821.0,42967670.0,0.05409257503445762
1013,2009,UT,87085890.0,2643586.0,0.03035607720148465
1014,2009,VA,140164131.0,1706248.0,0.012173214272630135
1015,2009,VT,14564696.0,3043208.0,0.2089441482335093
1016,2009,WA,208940268.0,153449191.0,0.7344165510498915
1017,2009,WI,119918120.0,5930255.0,0.04945253477956459
1018,2009,WV,141565027.0,4776434.0,0.033740211839185394
1019,2009,WY,92058425.0,6385554.0,0.06936414564989571
1020,2010,AK,13519151.0,2904104.0,0.21481408115051012
1021,2010,AL,304301023.0,17431573.0,0.05728397764867192
1022,2010,AR,122000368.0,7430800.0,0.060908012998780466
1023,2010,AZ,223501915.0,14020542.0,0.06273119404815838
1024,2010,CA,408251189.0,110316897.0,0.27021818912571494
1025,2010,CO,101441586.0,10019600.0,0.09877211501799667
1026,2010,CT,66699246.0,2278810.0,0.03416545368443895
1028,2010,DE,11255289.0,276394.0,0.024556810580341384
1029,2010,FL,458191871.0,5290660.0,0.011546822051760058
1030,2010,GA,275153884.0,6341498.0,0.023047096075154802
1031,2010,HI,21672072.0,1634764.0,0.07543182765358107
1032,2010,IA,115017440.0,20617301.0,0.17925369404848518
1033,2010,ID,24049128.0,19380826.0,0.8058847705413685
1034,2010,IL,402703742.0,10513164.0,0.026106447255213237
1035,2010,IN,250361476.0,7398756.0,0.029552294219578733
1036,2010,KS,95847526.0,6945130.0,0.07246019057393302
1037,2010,KY,196435315.0,5342098.0,0.027195201636732173
1038,2010,LA,205769881.0,2366322.0,0.011499846277308193
1039,2010,MA,85609649.0,3615183.0,0.04222868616129941
1040,2010,MD,87214528.0,4152746.0,0.047615300973709335
1041,2010,ME,34037319.0,9146175.0,0.26871020599477885
1042,2010,MI,223102743.0,2781420.0,0.012466991497276212
1043,2010,MN,107340454.0,13094969.0,0.121994723443223
1044,2010,MO,184625980.0,6829023.0,0.03698841842301934
1045,2010,MS,108974523.0,1982.0,1.818773733012807e-05
1046,2010,MT,59582360.0,20689790.0,0.34724690327808433
1047,2010,NC,257356965.0,9926397.0,0.038570539561655154
1048,2010,ND,69479084.0,12300292.0,0.17703589759473512
1049,2010,NE,73260012.0,3614019.0,0.04933140060091718
1050,2010,NH,44391824.0,3360086.0,0.07569155076844782
1051,2010,NJ,131364987.0,1348801.0,0.010267583705542482
1052,2010,NM,72503086.0,4143604.0,0.057150725970478
1053,2010,NV,70292495.0,8887886.0,0.1264414643412501
1054,2010,NY,273923305.0,58419353.0,0.21326901338314386
1055,2010,OH,287196676.0,1460606.0,0.005085734348819553
1056,2010,OK,144501465.0,13121992.0,0.09080871256218752
1057,2010,OR,110253999.0,69334398.0,0.628860618470628
1058,2010,PA,459504613.0,10389439.0,0.022610086397543958
1059,2010,RI,15477438.0,287558.0,0.01857917311637753
1060,2010,SC,208306265.0,3145480.0,0.015100265947354008
1061,2010,SD,20099275.0,13221102.0,0.6577899949127518
1062,2010,TN,164697248.0,14980032.0,0.09095496240471486
1063,2010,TX,823390092.0,56133172.0,0.06817324199718448
1064,2010,UT,84498710.0,2952958.0,0.034946782027796636
1065,2010,VA,145932911.0,1649849.0,0.011305530662648127
1066,2010,VT,13239982.0,2771720.0,0.20934469548372497
1067,2010,WA,206945459.0,146565520.0,0.7082325976526984
1068,2010,WI,128628133.0,7416351.0,0.05765730114422169
1069,2010,WV,161577893.0,4613066.0,0.02855010617077424
1070,2010,WY,96238509.0,8541360.0,0.08875199843339218
1071,2011,AK,13742065.589999998,2720956.58,0.1980020079354024
1072,2011,AL,312678419.6800001,17786992.599999998,0.05688589771626541
1073,2011,AR,122615071.77000001,6146568.48,0.05012897999627375
1074,2011,AZ,216250713.79000002,19361744.72,0.08953378410025546
1075,2011,CA,401609684.9800002,132492832.24,0.3299044749047773
1076,2011,CO,102865108.57999998,14411439.82,0.14010037046519008
1077,2011,CT,67490441.19999999,2463837.92,0.036506472267660926
1079,2011,DE,13180389.6,315672.94,0.02395019795165994
1080,2011,FL,443789148.1799999,5285505.47,0.011909947531786447
1081,2011,GA,249498682.32,4181606.9600000004,0.01676003624995818
1082,2011,HI,21446665.820000008,1948121.2999999998,0.09083562528322173
1083,2011,IA,112743825.3,23590241.24,0.20923754518022372
1084,2011,ID,33137571.799999997,29645177.799999997,0.8946092362748196
1085,2011,IL,398999456.11,14010472.879999999,0.03511401498286117
1086,2011,IN,244262827.92000002,8059555.109999999,0.03299542209770712
1087,2011,KS,90719680.24000001,7586954.0,0.08363074009882554
1088,2011,KY,196701964.36000004,6128540.28,0.03115647726213688
1089,2011,LA,210981473.90999997,2230224.92,0.010570714473970186
1090,2011,MA,76109641.06,3627619.5500000003,0.047663075261913476
1091,2011,MD,83636136.37000002,6400863.75,0.07653227453840117
1092,2011,ME,31947376.13,9924508.04,0.3106517417773301
1093,2011,MI,218339013.76000002,3392017.42,0.015535553456921503
1094,2011,MN,106240122.99000001,16808097.71,0.15820856788336066
1095,2011,MO,189752793.38000003,5079513.58,0.02676911095494514
1096,2011,MS,103141885.32000002,6594.86,6.393968831904999e-05
1097,2011,MT,60257085.13999999,27722097.9,0.46006370596239565
1098,2011,NC,236779709.82999992,8571979.46,0.03620233957611656
1099,2011,ND,70159800.19000001,15650988.0,0.22307629094745854
1100,2011,NE,72190102.01,5467065.0,0.0757315040120415
1101,2011,NH,40131882.010000005,3557924.36,0.0886558063515048
1102,2011,NJ,129388191.96000004,1566281.5699999998,0.012105289874397587
1103,2011,NM,76362278.60999998,4872982.84,0.0638140051436582
1104,2011,NV,63871835.8,9255853.02,0.14491290103172516
1105,2011,NY,274960693.8999999,64035255.260000005,0.23288876075970663
1106,2011,OH,271171608.9200001,1858697.1400000001,0.006854320580988053
1107,2011,OK,149211427.24000004,14092506.02,0.09444656003010293
1108,2011,OR,119390328.25000003,94625080.0,0.7925690580384176
1109,2011,PA,454629444.73000014,12389021.750000002,0.0272508124883062
1110,2011,RI,17444545.110000003,275456.0,0.015790380217028197
1111,2011,SC,205945134.35999998,1610264.0,0.007818898004092667
1112,2011,SD,23997771.000000004,18552928.0,0.773110469301503
1113,2011,TN,162207724.46000004,18009189.74,0.11102547551267211
1114,2011,TX,870953847.1500002,63635813.330000006,0.07306450684870827
1115,2011,UT,81672300.03000002,4382299.68,0.0536571111428267
1116,2011,VA,133341718.16000003,1060975.6600000001,0.007956817076009995
1117,2011,VT,13552437.63,2970362.0,0.2191754783231568
1118,2011,WA,230525201.65000007,196603418.92,0.8528500030053002
1119,2011,WI,126578687.58,7760105.440000001,0.06130657212807231
1120,2011,WV,157999247.08000004,5129624.62,0.032466133318994284
1121,2011,WY,95276941.68,11671196.0,0.12249759274598915
1122,2012,AK,13892837.0,3230004.0,0.23249419826922318
1123,2012,AL,305757374.0,14886024.0,0.04868573995536735
1124,2012,AR,130011355.0,4622722.0,0.03555629429444836
1125,2012,AZ,221809986.0,16674668.0,0.07517546121661087
1126,2012,CA,399037136.0,107162959.0,0.26855384958456596
1127,2012,CO,105113401.0,14889110.0,0.1416480663583514
1128,2012,CT,72235086.0,1961292.0,0.027151514708517132
1130,2012,DE,17267389.0,262102.0,0.015179017510985592
1131,2012,FL,442192271.0,5233496.0,0.011835340287980747
1132,2012,GA,244612729.0,3138918.0,0.012832194026991948
1133,2012,HI,20938535.0,2078792.0,0.09928068033413034
1134,2012,IA,113350811.0,29899233.0,0.2637760836135526
1135,2012,ID,30998178.0,25990652.0,0.8384574086902785
1136,2012,IL,395130723.0,16967734.0,0.04294207717176171
1137,2012,IN,229391460.0,7959745.0,0.034699395522396516
1138,2012,KS,88849380.0,10526104.0,0.11847132754330982
1139,2012,KY,179899374.0,4916236.0,0.02732769931706377
1140,2012,LA,206815413.0,1487411.0,0.0071919736465676275
1141,2012,MA,71156843.0,3560856.0,0.05004235502690865
1142,2012,MD,75619487.0,4791477.0,0.06336299266351807
1143,2012,ME,30096592.0,9790772.0,0.3253116499037499
1144,2012,MI,216316099.0,5042921.0,0.023312740121113222
1145,2012,MN,105508867.0,19472911.0,0.18456184350837546
1146,2012,MO,183608641.0,4092584.0,0.02228971347813636
1147,2012,MS,109168589.0,32882.0,0.00030120385635835234
1148,2012,MT,55609564.0,25090432.0,0.4511891515639288
1149,2012,NC,233363527.0,8339542.0,0.035736269961329475
1150,2012,ND,72250315.0,15514564.0,0.21473351361859114
1151,2012,NE,68434584.0,5207630.0,0.07609646607919762
1152,2012,NH,38444638.0,3186521.0,0.08288596708857032
1153,2012,NJ,130526818.0,2250588.0,0.01724234172321584
1154,2012,NM,73271818.0,5593340.0,0.07633685300397487
1155,2012,NV,70346527.0,10818092.0,0.15378288682254349
1156,2012,NY,271536488.0,57888374.0,0.21318819590831564
1157,2012,OH,259491465.0,3603792.0,0.013887901862205758
1158,2012,OK,155793174.0,18561022.0,0.1191388654807174
1159,2012,OR,121865463.0,92034624.0,0.7552149865462703
1160,2012,PA,446839429.0,11448172.0,0.025620326356651933
1161,2012,RI,16618072.0,212322.0,0.012776572396605334
1162,2012,SC,193511366.0,1453518.0,0.007511279725036926
1163,2012,SD,22946794.0,16669644.0,0.7264476248838945
1164,2012,TN,155448530.0,16509204.0,0.10620366754191886
1165,2012,TX,859625022.0,67234374.0,0.07821360742102736
1166,2012,UT,78805920.0,3695020.0,0.04688759423149936
1167,2012,VA,141478469.0,1201708.0,0.008493928500173407
1168,2012,VT,13223572.0,2577856.0,0.19494399848996927
1169,2012,WA,233670950.0,192694910.0,0.8246421303118766
1170,2012,WI,127501875.0,7209133.0,0.056541388116841416
1171,2012,WV,146826810.0,5456008.0,0.037159480615290896
1172,2012,WY,99177212.0,10525154.0,0.10612472147331586
1173,2013,AK,12993643.29,3265600.8000000003,0.25132295285597306
1174,2013,AL,301145847.70000005,25840736.26,0.08580804436574005
1175,2013,AR,120644984.27999997,5581553.8,0.046264283868163156
1176,2013,AZ,226651972.25000003,17138530.4,0.0756160655910639
1177,2013,CA,400154229.2699999,111472897.09000003,0.27857483174265
1178,2013,CO,105874871.82000002,16931465.8,0.1599195872348778
1179,2013,CT,71221578.68,2097356.49,0.029448329128219205
1181,2013,DE,15521722.0,213064.0,0.01372682747442584
1182,2013,FL,444797847.93999994,5547114.4,0.012471090913974626
1183,2013,GA,241907468.61,7432050.28,0.030722698735613875
1184,2013,HI,20534104.56,2410551.7,0.11739258914146682
1185,2013,IA,113341513.85,32952317.740000002,0.29073475923049885
1186,2013,ID,30372256.419999998,22343359.8,0.7356503083283268
1187,2013,IL,406009838.9800001,20811260.899999995,0.05125802111663888
1188,2013,IN,220806954.23,8549727.52,0.03872037250735461
1189,2013,KS,96945162.61000001,19011432.799999997,0.19610501739504993
1190,2013,KY,179482042.45999998,6747412.16,0.03759380084781325
1191,2013,LA,204020353.93999997,2253815.5600000005,0.011047013283110085
1192,2013,MA,65770041.36,3990986.4500000007,0.06068091744316946
1193,2013,MD,71701624.65999998,5050790.919999999,0.07044179185548737
1194,2013,ME,28060075.23000001,9656918.78,0.34415156412964454
1195,2013,MI,210835601.11999997,8671077.980000002,0.04112720021636545
1196,2013,MN,102593975.22000001,18693628.669999998,0.18220980939586207
1197,2013,MO,183253185.86999997,5331400.140000001,0.029093082964364407
1198,2013,MS,105620527.80000001,30346.76,0.00028731876872897046
1199,2013,MT,55374652.629999995,22785808.619999997,0.4114844525030116
1200,2013,NC,251872586.74,15310979.01,0.06078858842151422
1201,2013,ND,70043345.46000001,14753720.0,0.21063699774913633
1202,2013,NE,74209255.53999999,5985907.48,0.08066254588382846
1203,2013,NH,39557040.9,3907337.76,0.09877730161560189
1204,2013,NJ,129501883.41999999,2526517.92,0.01950950714597723
1205,2013,NM,71741930.36000001,5383774.779999999,0.07504362864205481
1206,2013,NV,72887747.19999999,12744208.16,0.17484705797025926
1207,2013,NY,272233659.93999994,59621955.63999999,0.21901022692469632
1208,2013,OH,274568377.3699999,4431828.5200000005,0.01614107408307915
1209,2013,OK,147347360.51999995,26775423.36,0.18171634202002337
1210,2013,OR,119791029.30999999,82064798.75,0.6850663127505938
1211,2013,PA,453571260.96,14495783.98,0.0319592205849179
1212,2013,RI,12493613.44,114352.12,0.009152846016020165
1213,2013,SC,190499787.94,5156726.56,0.027069460894225076
1214,2013,SD,20217772.999999996,13500616.0,0.6677597972833113
1215,2013,TN,159303238.87000003,25106886.72,0.15760437074658953
1216,2013,TX,866760331.4,74493810.88000001,0.08594510867805505
1217,2013,UT,85033501.67000002,2873472.4800000004,0.033792239806275874
1218,2013,VA,153793130.13,2048788.6199999999,0.013321717415258904
1219,2013,VT,13769820.0,3129874.0,0.22729955801891383
1220,2013,WA,228345832.49000004,170902611.06,0.748437618485918
1221,2013,WI,131925583.59000002,8042272.55,0.06096067442834951
1222,2013,WV,151726133.28000003,6258582.0,0.04124920252498772
1223,2013,WY,104966130.82000001,10288324.34,0.09801565761857811
1224,2014,AK,12085658.0,3506414.0,0.2901301691641448
1225,2014,AL,298680894.0,19027618.0,0.06370550772490992
1226,2014,AR,123184275.0,5618240.0,0.04560841876935997
1227,2014,AZ,224514375.0,19605658.0,0.08732473366126334
1228,2014,CA,397615243.0,108731866.0,0.2734600041477786
1229,2014,CO,107694773.0,18490580.0,0.1716943124064155
1230,2014,CT,67353962.0,2205101.0,0.03273899462662642
1232,2014,DE,15407166.0,262160.0,0.017015458910483602
1233,2014,FL,460031874.0,5489776.0,0.011933468766557685
1234,2014,GA,251674445.0,5632874.0,0.022381589040555944
1235,2014,HI,20408318.0,2599666.0,0.12738266818460983
1236,2014,IA,113706565.0,34899658.0,0.3069273792590604
1237,2014,ID,30368831.0,24124446.0,0.7943817791340075
1238,2014,IL,404287755.0,21663362.0,0.05358401715629502
1239,2014,IN,230790787.0,8719722.0,0.03778193277706532
1240,2014,KS,99456727.0,21840584.0,0.21959886132186915
1241,2014,KY,181792869.0,6474202.0,0.03561306906928236
1242,2014,LA,208458803.0,2367830.0,0.011358743146961272
1243,2014,MA,62237182.0,4097265.0,0.06583307386892935
1244,2014,MD,75667305.0,4907943.0,0.06486213563440643
1245,2014,ME,26497421.0,9851928.0,0.3718070524674835
1246,2014,MI,213633985.0,11644714.0,0.05450777880682233
1247,2014,MN,113996661.0,21712803.0,0.19046876294034612
1248,2014,MO,175668935.0,3878454.0,0.02207820067902159
1249,2014,MS,110254182.0,34690.0,0.0003146365912904782
1250,2014,MT,60515231.0,26913090.0,0.4447325004840517
1251,2014,NC,256287174.0,12166306.0,0.047471380678613284
1252,2014,ND,72925015.0,17472848.0,0.23960019754538275
1253,2014,NE,78862580.0,7917810.0,0.10040008835622674
1254,2014,NH,39076788.0,3836671.0,0.09818286497856477
1255,2014,NJ,136102172.0,2631851.0,0.019337318143607583
1256,2014,NM,64612418.0,5822200.0,0.09010961329445989
1257,2014,NV,72001074.0,12912344.0,0.17933543602419041
1258,2014,NY,274154624.0,62606726.0,0.22836283075057673
1259,2014,OH,268952809.0,4312429.0,0.016034147462650222
1260,2014,OK,140311011.0,26702318.0,0.1903080721155947
1261,2014,OR,120239815.0,86745885.0,0.7214406060089165
1262,2014,PA,442070468.0,15187700.0,0.03435583487110476
1263,2014,RI,12563496.0,460756.0,0.03667418686645819
1264,2014,SC,194316931.0,3766950.0,0.019385598468514304
1265,2014,SD,21990480.0,15669014.0,0.7125362429560428
1266,2014,TN,159013772.0,17155310.0,0.10788568678189711
1267,2014,TX,875259335.0,82813652.0,0.09461613111501405
1268,2014,UT,87569051.0,3778242.0,0.043145859831231925
1269,2014,VA,154274879.0,1513690.0,0.009811642762656128
1270,2014,VT,14062788.0,3067312.0,0.2181154974390569
1271,2014,WA,232668726.0,174079989.0,0.7481881729132775
1272,2014,WI,122129593.0,9266566.0,0.07587486187725198
1273,2014,WV,162119154.0,5395944.0,0.03328381543367787
1274,2014,WY,99392366.0,10548934.0,0.10613424777512591
1275,2015,AK,12569875.0,3567030.0,0.2837760916476894
1276,2015,AL,304954852.0,19810868.0,0.06496328184343825
1277,2015,AR,111118856.0,7382158.0,0.06643479122931215
1278,2015,AZ,226284095.0,21134158.0,0.093396568592238
1279,2015,CA,393407715.0,111463910.0,0.2833292427933194
1280,2015,CO,104786154.0,18296024.0,0.17460344999397534
1281,2015,CT,74941244.0,1827826.0,0.024390120879231734
1283,2015,DE,15620011.0,259871.0,0.016637056145479025
1284,2015,FL,474825268.0,5940172.0,0.01251022723584289
1285,2015,GA,257635794.0,5278566.0,0.020488480727177218
1286,2015,HI,20239000.0,2679241.0,0.13238010771283165
1287,2015,IA,113317837.0,38177850.0,0.3369094487746002
1288,2015,ID,31334190.0,22555778.0,0.7198455744348267
1289,2015,IL,387904079.0,22895822.0,0.05902444248336971
1290,2015,IN,208038549.0,10997777.0,0.05286413048381721
1291,2015,KS,91054246.0,22162414.0,0.24339791908221392
1292,2015,KY,167087343.0,6991560.0,0.041843743963299485
1293,2015,LA,215624707.0,2190622.0,0.010159420181844004
1294,2015,MA,64171939.0,4132876.0,0.06440316537731547
1295,2015,MD,72731089.0,5159651.0,0.07094147868458288
1296,2015,ME,23482529.0,9678312.0,0.4121494750416363
1297,2015,MI,226016099.0,13709506.0,0.060657210086614226
1298,2015,MN,113959535.0,22519028.0,0.19760547460991307
1299,2015,MO,167280135.0,6185168.0,0.03697491038012374
1300,2015,MS,129515726.0,26908.0,0.00020775855435501323
1301,2015,MT,58604801.0,23704910.0,0.4044875094789589
1302,2015,NC,256776890.0,13319403.0,0.051871502143358776
1303,2015,ND,74313225.0,17206932.0,0.2315460269689547
1304,2015,NE,79766781.0,9872792.0,0.12377072104739942
1305,2015,NH,40031789.0,3624737.0,0.09054646546023712
1306,2015,NJ,149217722.0,2870173.0,0.01923479973779522
1307,2015,NM,65402796.0,5667238.0,0.08665131074824385
1308,2015,NV,78093569.0,14734928.0,0.1886829887362428
1309,2015,NY,277163369.0,62587970.0,0.2258161683696376
1310,2015,OH,243786801.0,4377209.0,0.017955069684022804
1311,2015,OK,152271193.0,33430118.0,0.21954328551165944
1312,2015,OR,115733067.0,76913887.0,0.6645800460813849
1313,2015,PA,429090536.0,14890922.0,0.03470345008960999
1314,2015,RI,13878040.0,477608.0,0.03441465797763949
1315,2015,SC,193064427.0,3701174.0,0.01917066783100338
1316,2015,SD,19266066.0,14695996.0,0.7627917396317442
1317,2015,TN,150429270.0,18508588.0,0.12303847515845819
1318,2015,TX,899652671.0,93948358.0,0.10442736516924096
1319,2015,UT,83898240.0,3882394.0,0.04627503509012823
1320,2015,VA,168823182.0,2450155.0,0.014513143106140483
1321,2015,VT,3964095.0,3063756.0,0.7728765329791542
1322,2015,WA,218574917.0,161640121.0,0.7395181625529338
1323,2015,WI,132720367.0,9005076.0,0.06784999321166736
1324,2015,WV,144590538.0,5532510.0,0.03826329216646251
1325,2015,WY,97933038.0,9249938.0,0.09445165991889275
1326,2016,AK,12670067.0,3742940.0,0.29541595952097177
1327,2016,AL,284770196.0,14108348.0,0.049542923375309966
1328,2016,AR,120890118.0,7495318.0,0.062001081014744316
1329,2016,AZ,217526900.0,23144084.0,0.10639642269530802
1330,2016,CA,393926432.0,150731503.0,0.38263871310874614
1331,2016,CO,108836960.0,23288362.0,0.2139747563695274
1332,2016,CT,72993121.0,1771660.0,0.024271602251395717
1334,2016,DE,17462522.0,248788.0,0.014246968450490713
1335,2016,FL,476524302.0,6139632.0,0.012884194938708498
1336,2016,GA,266760831.0,7062926.0,0.026476623174112094
1337,2016,HI,19897692.0,2876110.0,0.14454490500707318
1338,2016,IA,108785014.0,42479217.0,0.3904877651622125
1339,2016,ID,31321875.0,23663822.0,0.7555046433203632
1340,2016,IL,374578262.0,22624180.0,0.06039907355862525
1341,2016,IN,203518116.0,11968739.0,0.05880920694057525
1342,2016,KS,95199982.0,28404706.0,0.2983688169184738
1343,2016,KY,160547002.0,7188876.0,0.04477739173229781
1344,2016,LA,214537608.0,2380714.0,0.011096954152672384
1345,2016,MA,63910043.0,4225600.0,0.06611793392159038
1346,2016,MD,74333372.0,5099974.0,0.06860948000583103
1347,2016,ME,23028857.0,9703435.0,0.42135981824890395
1348,2016,MI,224243580.0,12980638.0,0.05788633056964217
1349,2016,MN,118957506.0,23652836.0,0.19883432996653444
1350,2016,MO,157223024.0,5387434.0,0.03426618991885056
1351,2016,MS,125762588.0,22838.0,0.00018159613572837734
1352,2016,MT,55567060.0,24445440.0,0.4399268199541239
1353,2016,NC,261558314.0,16880823.0,0.06453942427538358
1354,2016,ND,75712903.0,20179066.0,0.26652083331159554
1355,2016,NE,73049739.0,9513187.0,0.13022889787463854
1356,2016,NH,38564986.0,3405300.0,0.08830030432268275
1357,2016,NJ,155222807.0,3287925.0,0.021181971023111312
1358,2016,NM,65824089.0,9074520.0,0.13786016848634244
1359,2016,NV,79574009.0,17331614.0,0.21780496191916132
1360,2016,NY,268753431.0,64203486.0,0.23889364225456158
1361,2016,OH,237844156.0,4522462.0,0.019014391928132975
1362,2016,OK,157310016.0,45359220.0,0.2883428605080048
1363,2016,OR,120364024.0,84580470.0,0.702705569232215
1364,2016,PA,430083459.0,14494103.0,0.033700675291490345
1365,2016,RI,13129770.0,496198.0,0.03779182727496369
1366,2016,SC,193971528.0,2868412.0,0.014787799166071425
1367,2016,SD,23048366.0,17040298.0,0.739327811785009
1368,2016,TN,158681266.0,12554432.0,0.07911729164046372
1369,2016,TX,908095181.0,120677283.0,0.13289056645704192
1370,2016,UT,76267855.0,6409326.0,0.08403705597856397
1371,2016,VA,185109751.0,2871079.0,0.01551014457363729
1372,2016,VT,3822414.0,2886722.0,0.7552091427040608
1373,2016,WA,228173163.0,173370774.0,0.7598210574834342
1374,2016,WI,129933223.0,9806684.0,0.07547479985161301
1375,2016,WV,151885936.0,6140802.0,0.04043035294591067
1376,2016,WY,93313261.0,10725652.0,0.11494241959886066
1377,2017,AK,12994931.0,3657838.0,0.2814819101386533
1378,2017,AL,279928498.0,18918726.0,0.06758413714633656
1379,2017,AR,121550436.0,6199416.0,0.05100282815933297
1380,2017,AZ,211703530.0,24673452.0,0.11654719219844846
1381,2017,CA,412293038.0,188694113.0,0.45766989885480436
1382,2017,CO,107688004.0,23829178.0,0.22127978154372702
1383,2017,CT,69125308.0,1941738.0,0.02809011715361905
1385,2017,DE,14991952.0,236130.0,0.01575045064178434
1386,2017,FL,476826871.0,7759209.0,0.016272591734873096
1387,2017,GA,254910628.0,7002340.0,0.027469784429702163
1388,2017,HI,19625935.0,2777006.0,0.14149674907208243
1389,2017,IA,115819130.0,45238777.0,0.39059848748648
1390,2017,ID,34792048.0,27751240.0,0.7976316887123173
1391,2017,IL,367183142.0,25838204.0,0.07036870990117515
1392,2017,IN,197859640.0,12293096.0,0.062130386975332616
1393,2017,KS,101866594.0,37379468.0,0.36694530102773437
1394,2017,KY,146358391.0,9280780.0,0.06341132842871988
1395,2017,LA,195438426.0,1992888.0,0.010197012126980596
1396,2017,MA,64408230.0,5290329.0,0.08213746907809763
1397,2017,MD,68208163.0,6419676.0,0.09411888134269207
1398,2017,ME,22528559.0,11803330.0,0.5239274291800021
1399,2017,MI,224627005.0,14489260.0,0.06450364238262447
1400,2017,MN,117497667.0,27255983.0,0.2319704186126521
1401,2017,MO,169213462.0,6915291.0,0.04086726267677213
1402,2017,MS,119455274.0,202296.0,0.0016934873884262322
1403,2017,MT,56441893.0,26229834.0,0.4647227902154168
1404,2017,NC,256936236.0,20195414.0,0.07860087901342183
1405,2017,ND,83010148.0,27886672.0,0.33594292591792513
1406,2017,NE,70813963.0,13371374.0,0.18882397529425093
1407,2017,NH,34893683.0,3926043.0,0.11251443420288997
1408,2017,NJ,151289027.0,3458071.0,0.022857381454373424
1409,2017,NM,67194826.0,12022024.0,0.17891294189823484
1410,2017,NV,76402588.0,19338972.0,0.2531193315074615
1411,2017,NY,256050773.0,71428134.0,0.2789608215711186
1412,2017,OH,239108731.0,4880448.0,0.02041099871003874
1413,2017,OK,147463308.0,51235884.0,0.34744835644131894
1414,2017,OR,125427495.0,90500586.0,0.721537060115886
1415,2017,PA,427182588.0,16187941.0,0.03789466484528157
1416,2017,RI,15229882.0,736682.0,0.0483708278238794
1417,2017,SC,186161877.0,2122360.0,0.01140061560509513
1418,2017,SD,21871438.0,16431756.0,0.7512883240690439
1419,2017,TN,158092444.0,16474328.0,0.10420692844751012
1420,2017,TX,905588733.0,141961456.0,0.15676150864831928
1421,2017,UT,74823752.0,9843338.0,0.13155365424604742
1422,2017,VA,180834298.0,2118370.0,0.011714425987928462
1423,2017,VT,4282776.0,3392914.0,0.7922230814779947
1424,2017,WA,231824158.0,178878918.0,0.7716146563120484
1425,2017,WI,130214665.0,9803381.0,0.07528630511778378
1426,2017,WV,146714159.0,6681666.0,0.045542066597675825
1427,2017,WY,93483694.0,10888558.0,0.11647547860057819
1428,2018,AK,12494718.0,3729428.0,0.2984803658633992
1429,2018,AL,290115990.0,23076126.0,0.07954103460481445
1430,2018,AR,135998702.0,6654766.0,0.04893256995938094
1431,2018,AZ,223850289.0,25371315.0,0.11334055056770555
1432,2018,CA,390931277.0,163383820.0,0.4179348893590829
1433,2018,CO,110772555.0,24891930.0,0.22471206879718536
1434,2018,CT,78907101.0,2342678.0,0.029689064359366087
1436,2018,DE,12481289.0,228194.0,0.018282887288324147
1437,2018,FL,488504067.0,10427249.0,0.021345265483736494
1438,2018,GA,258478745.0,11089778.0,0.0429040229207241
1439,2018,HI,19593545.0,2597263.0,0.13255707428135133
1440,2018,IA,126761138.0,44959101.0,0.3546757445487749
1441,2018,ID,36344238.0,28829546.0,0.7932356705346251
1442,2018,IL,376006716.0,25075866.0,0.06668994178284837
1443,2018,IN,226919423.0,12820840.0,0.056499526706446805
1444,2018,KS,103420426.0,38010400.0,0.36753281213519656
1445,2018,KY,157608994.0,9117672.0,0.05784994731963076
1446,2018,LA,204256968.0,2520320.0,0.012338967060355073
1447,2018,MA,54345764.0,5862653.0,0.10787690830880582
1448,2018,MD,87619297.0,8429873.0,0.09621023323206987
1449,2018,ME,22561401.0,11619620.0,0.5150220945942142
1450,2018,MI,231674188.0,14807232.0,0.06391403430752501
1451,2018,MN,123034883.0,26680816.0,0.21685570262215798
1452,2018,MO,170190769.0,7766274.0,0.0456327569681526
1453,2018,MS,126947544.0,684814.0,0.005394464346628085
1454,2018,MT,56425662.0,27184026.0,0.48176707257772183
1455,2018,NC,268498993.0,27829847.0,0.1036497257924539
1456,2018,ND,85230642.0,27828210.0,0.32650475635276804
1457,2018,NE,73932432.0,14103208.0,0.19075806947619414
1458,2018,NH,34174311.0,3800203.0,0.11120057402181423
1459,2018,NJ,150067200.0,3736766.0,0.024900617856533608
1460,2018,NM,65347364.0,15247934.0,0.2333366346651718
1461,2018,NV,79280483.0,20855114.0,0.263054830278973
1462,2018,NY,265041001.0,70222108.0,0.26494809382341566
1463,2018,OH,252369222.0,5171386.0,0.02049134977323027
1464,2018,OK,172447441.0,58753090.0,0.34070143145817977
1465,2018,OR,128227121.0,87990437.0,0.6862076939245949
1466,2018,PA,430771661.0,18097376.0,0.04201152870174531
1467,2018,RI,16750513.0,805206.0,0.048070527750403824
1468,2018,SC,198728177.0,5938670.0,0.02988338186184841
1469,2018,SD,25232793.0,18205888.0,0.7215169561292719
1470,2018,TN,163109832.0,19937408.0,0.12223302394180628
1471,2018,TX,954704850.0,161235335.0,0.16888500671176018
1472,2018,UT,78750847.0,8941110.0,0.11353668361179658
1473,2018,VA,191018241.0,4815942.0,0.025211948213888117
1474,2018,VT,4357832.0,3520656.0,0.8078916305171929
1475,2018,WA,233513456.0,178090220.0,0.7626550651539327
1476,2018,WI,131873605.0,9246777.0,0.07011848201162015
1477,2018,WV,134498049.0,7235254.0,0.05379449035725418
1478,2018,WY,92224270.0,10067368.0,0.10916180740709577
1479,2019,AK,12141687.0,3607008.0,0.29707634532170035
1480,2019,AL,285358866.0,23661274.0,0.0829176059313328
1481,2019,AR,128885798.0,8977672.0,0.06965602214760698
1482,2019,AZ,227103974.0,24139942.0,0.10629467012320973
1483,2019,CA,403568412.0,188054935.0,0.46598031314700616
1484,2019,CO,112675469.0,27526460.0,0.24429860593702077
1485,2019,CT,80100075.0,2123382.0,0.026509113755511463
1487,2019,DE,10517075.0,240932.0,0.022908650931936874
1488,2019,FL,491206969.0,12535018.0,0.025518811399436802
1489,2019,GA,257383140.0,11672889.0,0.04535218973550482
1490,2019,HI,19499994.0,2367064.0,0.12138793478603122
1491,2019,IA,125299127.0,54639632.0,0.43607352507731356
1492,2019,ID,36815623.0,27299530.0,0.7415202507913556
1493,2019,IL,368940104.0,30115036.0,0.08162581316993395
1494,2019,IN,205010762.0,14514706.0,0.0707997270894491
1495,2019,KS,101775984.0,42436116.0,0.41695608661469685
1496,2019,KY,143608506.0,8748964.0,0.06092232447568252
1497,2019,LA,200349528.0,2901128.0,0.014480333589805112
1498,2019,MA,43031272.0,5651786.0,0.131341364949658
1499,2019,MD,78651193.0,7066021.0,0.08983997229387226
1500,2019,ME,20981124.0,12243039.0,0.5835263639831688
1501,2019,MI,233402974.0,15674143.0,0.06715485553324611
1502,2019,MN,118758780.0,27241160.0,0.22938228230367472
1503,2019,MO,156557502.0,11173314.0,0.07136875497668582
1504,2019,MS,131917521.0,678636.0,0.005144396247409774
1505,2019,MT,55594157.0,24814544.0,0.446351655264779
1506,2019,NC,262347723.0,29662564.0,0.11306583362265354
1507,2019,ND,82294648.0,28785004.0,0.3497797815478839
1508,2019,NE,74595230.0,17335136.0,0.23238933642271764
1509,2019,NH,36053190.0,4057467.0,0.11254113713654741
1510,2019,NJ,142037549.0,3832526.0,0.026982484751268132
1511,2019,NM,70349018.0,16993702.0,0.2415627464764327
1512,2019,NV,79779320.0,22690746.0,0.28441889452053487
1513,2019,NY,263206579.0,73517156.0,0.27931351974298485
1514,2019,OH,240002251.0,6062715.0,0.02526107557216203
1515,2019,OK,170433004.0,65883482.0,0.3865652805133916
1516,2019,OR,124516756.0,76154271.0,0.6115985787487107
1517,2019,PA,457990659.0,15887716.0,0.034690043754800684
1518,2019,RI,15248805.0,944688.0,0.06195160866703981
1519,2019,SC,200215008.0,6110978.0,0.03052207754575521
1520,2019,SD,29013294.0,21412626.0,0.7380280915362454
1521,2019,TN,164654219.0,19934056.0,0.12106617201227016
1522,2019,TX,966402063.0,179760300.0,0.18600984712508836
1523,2019,UT,78234065.0,8522538.0,0.10893640768890125
1524,2019,VA,193655281.0,4891808.0,0.02526039039441429
1525,2019,VT,4579596.0,3856490.0,0.842102665824671
1526,2019,WA,212927218.0,145718366.0,0.684357628717997
1527,2019,WI,125548596.0,10145597.0,0.08081011913506385
1528,2019,WV,127851278.0,6674218.0,0.052202982280709
1529,2019,WY,84291314.0,10670766.0,0.126593897919304
1530,2020,AK,12552884.0,3863089.0,0.3077451364961231
1531,2020,AL,275085402.0,27510362.0,0.10000662267058431
1532,2020,AR,109282518.0,9894150.0,0.09053735383366623
1533,2020,AZ,218610113.0,25978164.0,0.11883331307733233
1534,2020,CA,386149862.0,158355190.0,0.41008739244350684
1535,2020,CO,108230021.0,32962654.0,0.3045610977013485
1536,2020,CT,82381143.0,2086740.0,0.025330311331077306
1538,2020,DE,10410744.0,262788.0,0.02524199999538938
1539,2020,FL,501655599.0,17624267.0,0.03513220431533547
1540,2020,GA,240252002.0,16776022.0,0.06982677297315508
1541,2020,HI,18158039.0,2881899.0,0.15871201730539294
1542,2020,IA,119273344.0,70857989.0,0.5940806774060096
1543,2020,ID,35372271.0,26100480.0,0.7378796798203882
1544,2020,IL,346789050.0,33661778.0,0.09706701523591936
1545,2020,IN,180145959.0,14729088.0,0.081761967250123
1546,2020,KS,109083664.0,48235038.0,0.44218388190554364
1547,2020,KY,127079656.0,10325576.0,0.08125278526092328
1548,2020,LA,201547542.0,2599642.0,0.01289840587587022
1549,2020,MA,36428349.0,5970864.0,0.16390707138552998
1550,2020,MD,72058290.0,6193565.0,0.08595215068245445
1551,2020,ME,20003741.0,11389160.0,0.569351502801401
1552,2020,MI,213249442.0,17480693.0,0.08197298354478226
1553,2020,MN,113020285.0,29620298.0,0.26207948422710137
1554,2020,MO,145135761.0,10772566.0,0.07422406390937654
1555,2020,MS,133163577.0,891352.0,0.006693662186620295
1556,2020,MT,46706582.0,27701620.0,0.5930988484663682
1557,2020,NC,248726886.0,34836405.0,0.14005886360029451
1558,2020,ND,84352848.0,32169536.0,0.38136870020085156
1559,2020,NE,73697362.0,21297480.0,0.288985649174254
1560,2020,NH,32701157.0,3779372.0,0.1155730361467027
1561,2020,NJ,122212914.0,3933487.0,0.03218552664573565
1562,2020,NM,68151170.0,18507476.0,0.2715650516344767
1563,2020,NV,80849490.0,23276306.0,0.2878967572955624
1564,2020,NY,258860543.0,72159696.0,0.2787589609591447
1565,2020,OH,241985469.0,6509012.0,0.026898358925841123
1566,2020,OK,164595663.0,64588506.0,0.392407095197885
1567,2020,OR,127249566.0,84594524.0,0.6647922398415096
1568,2020,PA,460286557.0,14997306.0,0.03258254183599805
1569,2020,RI,17789880.0,1236192.0,0.06948849570654776
1570,2020,SC,197057596.0,10053504.0,0.05101809929722273
1571,2020,SD,28293078.0,22756098.0,0.804299129278193
1572,2020,TN,161132018.0,26371508.0,0.1636639839016973
1573,2020,TX,947029824.0,204995650.0,0.21646166235204015
1574,2020,UT,74174616.0,9289374.0,0.12523656340870035
1575,2020,VA,206112365.0,6781315.0,0.03290105860461113
1576,2020,VT,4312816.0,3526440.0,0.8176653026699957
1577,2020,WA,232228935.0,171694605.0,0.739333386685858
1578,2020,WI,122897088.0,10209161.0,0.08307081287393889
1579,2020,WV,113323069.0,6992570.0,0.061704735511531196
1580,2020,WY,84021980.0,13527994.0,0.16100541786803882
