,year,coal,naturalGas,nuclear,petroleum,State
0,2020,2.36,3.65,0.67,,AL
1,2019,2.59,4.04,0.7,19.27,AL
2,2018,2.54,4.49,0.74,20.51,AL
3,2017,2.42,4.41,0.74,18.0,AL
4,2016,2.5,3.9,0.69,15.84,AL
5,2015,2.65,4.15,0.73,18.07,AL
6,2014,2.91,5.79,0.8,25.64,AL
7,2013,3.06,5.35,0.83,26.71,AL
8,2012,3.31,4.28,0.76,27.23,AL
9,2011,3.09,5.72,0.67,26.72,AL
10,2010,2.97,6.65,0.63,21.14,AL
11,2009,2.81,6.64,0.56,17.64,AL
12,2008,2.8,11.23,0.47,24.68,AL
13,2007,2.17,9.03,0.42,19.88,AL
14,2006,2.2,9.78,0.41,18.14,AL
15,2005,1.89,10.49,0.42,16.07,AL
16,2004,1.57,7.84,0.43,12.58,AL
17,2003,1.49,7.3,0.42,10.46,AL
18,2002,1.45,5.55,0.43,9.29,AL
19,2001,1.44,7.22,0.47,9.9,AL
20,2000,1.44,5.32,0.5,10.19,AL
21,1999,1.5,4.34,0.53,7.94,AL
22,1998,1.59,4.24,0.63,7.36,AL
23,1997,1.57,4.68,0.59,8.35,AL
24,1996,1.58,4.5,0.53,8.2,AL
25,1995,1.59,3.84,0.51,7.69,AL
26,1994,1.68,4.32,0.7,7.46,AL
27,1993,1.75,4.27,0.67,7.62,AL
28,1992,1.72,4.05,0.75,7.59,AL
29,1991,1.8,4.07,0.71,7.66,AL
30,1990,1.82,4.05,0.56,7.98,AL
31,1989,1.83,3.91,0.6,7.06,AL
32,1988,1.87,4.03,0.65,6.42,AL
33,1987,1.87,4.27,0.69,6.53,AL
34,1986,1.88,4.5,0.7,6.39,AL
35,1985,2.01,4.73,0.77,7.87,AL
36,1984,2.01,4.84,0.64,7.9,AL
37,1983,2.01,4.89,0.45,7.94,AL
38,1982,2.05,4.39,0.42,8.71,AL
39,1981,1.93,3.49,0.43,9.21,AL
40,1980,1.69,2.9,0.33,7.85,AL
41,1979,1.57,2.63,0.24,5.53,AL
42,1978,1.46,1.97,0.27,3.95,AL
43,1977,1.37,1.63,0.18,3.81,AL
44,1976,1.16,1.41,0.15,3.53,AL
45,1975,1.1,0.96,0.14,3.31,AL
46,1974,0.9,0.83,0.12,3.13,AL
47,1973,0.48,0.7,0.11,2.3,AL
48,1972,0.43,0.63,0.0,2.18,AL
49,1971,0.39,0.58,0.0,2.16,AL
50,1970,0.32,0.52,0.0,2.09,AL
0,2020,6.77,9.4,0.0,,AK
1,2019,6.46,8.98,0.0,20.05,AK
2,2018,6.49,8.9,0.0,21.34,AK
3,2017,6.43,8.82,0.0,17.18,AK
4,2016,6.0,7.95,0.0,15.2,AK
5,2015,5.03,7.27,0.0,18.43,AK
6,2014,4.87,6.99,0.0,26.09,AK
7,2013,4.9,6.78,0.0,26.82,AK
8,2012,4.06,6.26,0.0,27.55,AK
9,2011,3.85,6.61,0.0,26.93,AK
10,2010,3.43,6.41,0.0,20.84,AK
11,2009,3.61,7.42,0.0,17.55,AK
12,2008,3.01,6.5,0.0,25.31,AK
13,2007,2.34,5.76,0.0,18.09,AK
14,2006,2.13,4.67,0.0,16.92,AK
15,2005,2.01,3.97,0.0,14.49,AK
16,2004,1.97,3.34,0.0,11.09,AK
17,2003,2.0,3.02,0.0,8.4,AK
18,2002,1.94,2.65,0.0,7.32,AK
19,2001,1.89,2.58,0.0,7.99,AK
20,2000,1.87,1.97,0.0,8.54,AK
21,1999,2.12,1.92,0.0,6.07,AK
22,1998,2.06,2.02,0.0,5.54,AK
23,1997,2.18,2.08,0.0,6.98,AK
24,1996,2.05,1.92,0.0,7.12,AK
25,1995,2.05,1.88,0.0,6.62,AK
26,1994,2.19,1.86,0.0,6.44,AK
27,1993,3.26,1.88,0.0,6.75,AK
28,1992,3.11,1.74,0.0,6.77,AK
29,1991,3.36,1.83,0.0,6.71,AK
30,1990,3.65,1.95,0.0,7.56,AK
31,1989,1.95,1.81,0.0,6.22,AK
32,1988,2.64,1.7,0.0,5.52,AK
33,1987,2.0,1.42,0.0,5.12,AK
34,1986,3.07,1.48,0.0,4.91,AK
35,1985,2.89,1.23,0.0,7.03,AK
36,1984,2.89,1.24,0.0,7.38,AK
37,1983,2.94,1.19,0.0,7.67,AK
38,1982,3.31,0.92,0.0,8.1,AK
39,1981,3.48,0.73,0.0,8.6,AK
40,1980,1.91,0.62,0.0,7.05,AK
41,1979,1.31,1.04,0.0,5.1,AK
42,1978,1.29,1.07,0.0,3.72,AK
43,1977,1.35,1.08,0.0,3.52,AK
44,1976,1.31,0.96,0.0,3.26,AK
45,1975,1.4,0.89,0.0,3.0,AK
46,1974,1.05,0.76,0.0,2.59,AK
47,1973,1.02,0.74,0.0,1.58,AK
48,1972,0.87,0.81,0.0,1.42,AK
49,1971,0.85,0.77,0.0,1.35,AK
50,1970,0.93,0.67,0.0,1.33,AK
0,2020,2.18,3.66,0.7,,AZ
1,2019,2.57,3.63,0.73,22.66,AZ
2,2018,2.44,4.71,0.68,22.89,AZ
3,2017,2.24,5.54,0.74,19.57,AZ
4,2016,2.14,5.03,0.83,17.33,AZ
5,2015,2.08,5.5,0.77,19.89,AZ
6,2014,2.11,7.14,0.82,25.94,AZ
7,2013,2.08,6.19,0.92,26.81,AZ
8,2012,2.09,5.52,0.89,27.7,AZ
9,2011,1.99,7.45,0.82,26.56,AZ
10,2010,1.81,6.86,0.69,21.24,AZ
11,2009,1.83,6.38,0.59,17.82,AZ
12,2008,1.76,9.75,0.56,24.95,AZ
13,2007,1.61,8.44,0.57,20.7,AZ
14,2006,1.45,8.12,0.63,19.4,AZ
15,2005,1.42,8.83,0.55,17.42,AZ
16,2004,1.31,6.78,0.45,14.15,AZ
17,2003,1.28,6.39,0.42,11.91,AZ
18,2002,1.27,5.48,0.42,9.67,AZ
19,2001,1.27,6.18,0.46,10.4,AZ
20,2000,1.26,5.95,0.44,10.92,AZ
21,1999,1.35,4.95,0.45,8.53,AZ
22,1998,1.35,4.92,0.47,7.83,AZ
23,1997,1.45,4.93,0.49,9.29,AZ
24,1996,1.47,4.88,0.49,9.4,AZ
25,1995,1.42,4.63,0.49,8.52,AZ
26,1994,1.4,4.64,0.57,8.52,AZ
27,1993,1.38,4.86,0.58,8.6,AZ
28,1992,1.4,4.57,0.55,8.14,AZ
29,1991,1.43,4.58,0.7,7.81,AZ
30,1990,1.45,4.52,0.72,8.39,AZ
31,1989,1.38,3.92,0.85,7.39,AZ
32,1988,1.42,4.45,0.77,6.61,AZ
33,1987,1.33,4.1,0.82,7.01,AZ
34,1986,1.42,4.12,0.65,6.55,AZ
35,1985,1.36,4.92,0.65,8.18,AZ
36,1984,1.29,5.1,0.0,8.03,AZ
37,1983,1.31,4.99,0.0,8.13,AZ
38,1982,1.27,4.43,0.0,9.19,AZ
39,1981,1.09,3.18,0.0,9.5,AZ
40,1980,1.01,2.86,0.0,8.14,AZ
41,1979,0.91,2.4,0.0,5.43,AZ
42,1978,0.53,1.82,0.0,4.1,AZ
43,1977,0.54,1.61,0.0,3.83,AZ
44,1976,0.27,1.27,0.0,3.67,AZ
45,1975,0.23,1.01,0.0,3.45,AZ
46,1974,0.17,0.75,0.0,2.93,AZ
47,1973,0.33,0.65,0.0,2.04,AZ
48,1972,0.33,0.58,0.0,1.98,AZ
49,1971,0.25,0.58,0.0,2.05,AZ
50,1970,0.21,0.54,0.0,1.96,AZ
0,2020,1.91,5.3,0.59,,AR
1,2019,1.99,5.2,0.68,19.38,AR
2,2018,1.99,5.86,0.81,20.66,AR
3,2017,2.04,5.95,0.83,18.08,AR
4,2016,2.19,5.18,0.67,15.91,AR
5,2015,2.28,6.19,0.82,18.18,AR
6,2014,2.42,7.49,0.83,25.8,AR
7,2013,2.41,6.63,0.61,26.93,AR
8,2012,2.27,5.53,0.77,27.57,AR
9,2011,1.93,7.36,0.77,26.94,AR
10,2010,1.74,7.23,0.73,21.27,AR
11,2009,1.73,7.81,0.66,17.39,AR
12,2008,1.78,10.72,0.54,25.9,AR
13,2007,1.65,9.27,0.57,20.85,AR
14,2006,1.51,9.06,0.53,18.76,AR
15,2005,1.5,9.94,0.52,16.77,AR
16,2004,1.25,8.33,0.49,13.03,AR
17,2003,1.22,6.76,0.49,10.76,AR
18,2002,0.88,5.91,0.49,9.53,AR
19,2001,0.91,6.92,0.51,10.03,AR
20,2000,1.43,5.45,0.52,10.35,AR
21,1999,1.47,4.07,0.51,7.75,AR
22,1998,1.48,3.95,0.5,7.37,AR
23,1997,1.64,4.3,0.49,8.57,AR
24,1996,1.51,3.79,0.51,8.77,AR
25,1995,1.62,3.07,0.52,7.96,AR
26,1994,1.61,3.69,0.48,7.95,AR
27,1993,1.71,3.78,0.56,8.07,AR
28,1992,1.66,3.44,0.64,8.19,AR
29,1991,1.61,3.36,0.7,8.47,AR
30,1990,1.62,3.27,0.73,8.53,AR
31,1989,1.64,3.39,0.75,7.22,AR
32,1988,1.6,3.43,0.74,6.64,AR
33,1987,1.57,3.34,0.75,6.89,AR
34,1986,1.58,3.53,0.71,6.43,AR
35,1985,1.6,3.83,0.77,7.9,AR
36,1984,1.83,3.92,0.78,7.79,AR
37,1983,1.74,3.75,0.75,7.79,AR
38,1982,1.77,3.4,0.67,8.68,AR
39,1981,1.59,2.81,0.65,8.89,AR
40,1980,1.43,2.27,0.54,7.6,AR
41,1979,1.24,1.5,0.31,4.94,AR
42,1978,1.21,1.43,0.24,3.66,AR
43,1977,1.34,1.42,0.22,3.58,AR
44,1976,1.47,0.93,0.22,3.44,AR
45,1975,1.22,0.79,0.24,3.33,AR
46,1974,0.91,0.6,0.25,2.92,AR
47,1973,0.64,0.49,0.0,2.03,AR
48,1972,0.46,0.44,0.0,1.87,AR
49,1971,0.42,0.4,0.0,2.0,AR
50,1970,0.0,0.38,0.0,1.98,AR
0,2020,3.54,7.82,0.65,,CA
1,2019,3.41,7.81,0.67,25.25,CA
2,2018,3.53,7.42,0.68,25.02,CA
3,2017,3.78,7.22,0.67,21.12,CA
4,2016,3.38,6.6,0.65,18.81,CA
5,2015,3.57,6.18,0.65,22.06,CA
6,2014,3.43,7.37,0.65,28.04,CA
7,2013,3.39,6.52,0.71,28.98,CA
8,2012,3.05,5.72,0.73,29.89,CA
9,2011,3.13,7.08,0.67,28.48,CA
10,2010,2.94,6.97,0.58,22.58,CA
11,2009,2.66,6.38,0.54,18.18,CA
12,2008,2.67,10.07,0.48,24.93,CA
13,2007,2.47,8.61,0.47,20.22,CA
14,2006,2.16,8.83,0.45,18.82,CA
15,2005,1.91,9.57,0.44,16.56,CA
16,2004,1.82,7.61,0.47,13.89,CA
17,2003,1.71,7.04,0.46,11.53,CA
18,2002,1.71,5.1,0.49,9.42,CA
19,2001,1.46,8.78,0.43,10.13,CA
20,2000,1.57,6.54,0.45,10.49,CA
21,1999,1.63,4.25,0.42,8.52,CA
22,1998,1.67,4.39,0.45,7.29,CA
23,1997,1.7,4.69,0.45,8.47,CA
24,1996,1.66,4.32,0.44,8.09,CA
25,1995,1.66,4.22,0.43,7.4,CA
26,1994,1.7,4.13,0.47,7.31,CA
27,1993,1.68,4.02,0.44,7.54,CA
28,1992,1.67,3.97,0.55,7.62,CA
29,1991,1.82,4.34,0.67,6.97,CA
30,1990,1.89,4.2,0.72,7.31,CA
31,1989,1.88,4.0,0.85,6.37,CA
32,1988,1.94,4.05,0.9,5.88,CA
33,1987,2.09,3.77,0.99,5.94,CA
34,1986,2.26,4.02,0.97,5.75,CA
35,1985,2.26,5.01,0.96,7.46,CA
36,1984,2.4,5.42,1.11,7.51,CA
37,1983,2.37,5.31,1.07,7.8,CA
38,1982,2.19,4.7,0.77,8.85,CA
39,1981,2.16,3.88,0.85,8.82,CA
40,1980,1.91,3.54,0.49,7.42,CA
41,1979,1.69,2.47,0.37,5.22,CA
42,1978,1.59,2.03,0.29,3.94,CA
43,1977,1.47,1.91,0.28,3.73,CA
44,1976,1.43,1.55,0.28,3.61,CA
45,1975,1.32,1.25,0.21,3.56,CA
46,1974,1.29,0.92,0.12,3.22,CA
47,1973,0.61,0.72,0.18,2.03,CA
48,1972,0.52,0.65,0.19,1.88,CA
49,1971,0.47,0.62,0.19,1.85,CA
50,1970,0.46,0.56,0.19,1.8,CA
0,2020,1.71,4.88,0.0,,CO
1,2019,1.76,5.35,0.0,20.35,CO
2,2018,1.65,5.47,0.0,21.35,CO
3,2017,1.78,5.79,0.0,18.54,CO
4,2016,1.87,5.24,0.0,16.29,CO
5,2015,1.85,6.02,0.0,18.58,CO
6,2014,1.95,7.11,0.0,26.32,CO
7,2013,1.93,6.38,0.0,26.84,CO
8,2012,1.86,6.32,0.0,27.41,CO
9,2011,1.73,6.79,0.0,26.83,CO
10,2010,1.59,6.6,0.0,20.96,CO
11,2009,1.6,6.64,0.0,17.56,CO
12,2008,1.46,8.5,0.0,25.27,CO
13,2007,1.27,6.8,0.0,20.89,CO
14,2006,1.3,9.24,0.0,19.18,CO
15,2005,1.07,8.74,0.0,16.81,CO
16,2004,0.99,7.03,0.0,13.14,CO
17,2003,0.98,5.35,0.0,11.25,CO
18,2002,0.96,4.57,0.0,10.24,CO
19,2001,0.93,6.65,0.0,11.0,CO
20,2000,0.93,5.22,0.0,10.89,CO
21,1999,0.99,4.22,0.0,8.53,CO
22,1998,0.99,4.02,0.0,7.69,CO
23,1997,1.02,4.05,0.0,9.21,CO
24,1996,1.03,3.57,0.0,9.08,CO
25,1995,1.06,3.87,0.0,8.36,CO
26,1994,1.07,3.96,0.0,8.25,CO
27,1993,1.11,3.72,0.0,8.12,CO
28,1992,1.11,3.64,0.0,8.16,CO
29,1991,1.1,3.69,0.0,8.12,CO
30,1990,1.07,3.87,0.0,8.24,CO
31,1989,1.08,3.81,0.28,7.23,CO
32,1988,1.08,3.95,0.29,6.38,CO
33,1987,1.13,4.26,0.28,6.6,CO
34,1986,1.18,4.54,0.27,6.16,CO
35,1985,1.17,4.71,0.0,8.08,CO
36,1984,1.15,4.86,0.26,7.96,CO
37,1983,1.13,5.05,0.23,8.07,CO
38,1982,1.15,4.56,0.21,8.99,CO
39,1981,1.09,3.84,0.18,9.16,CO
40,1980,1.0,2.98,0.21,7.95,CO
41,1979,0.92,2.47,0.23,5.63,CO
42,1978,0.81,1.89,0.21,4.07,CO
43,1977,0.77,1.52,0.19,3.99,CO
44,1976,0.7,1.15,0.0,3.71,CO
45,1975,0.68,0.98,0.0,3.55,CO
46,1974,0.61,0.72,0.0,3.17,CO
47,1973,0.39,0.59,0.0,2.28,CO
48,1972,0.38,0.54,0.0,2.0,CO
49,1971,0.35,0.51,0.0,2.05,CO
50,1970,0.34,0.48,0.0,1.88,CO
0,2020,3.11,5.98,0.62,,CT
1,2019,3.35,7.03,0.65,21.44,CT
2,2018,3.87,7.47,0.68,22.57,CT
3,2017,4.34,7.47,0.71,20.05,CT
4,2016,4.07,6.54,0.71,17.9,CT
5,2015,3.47,7.11,0.72,20.25,CT
6,2014,4.27,9.1,0.72,28.42,CT
7,2013,4.21,8.16,0.77,29.31,CT
8,2012,3.59,7.05,0.73,30.09,CT
9,2011,3.68,7.79,0.67,28.71,CT
10,2010,3.45,8.86,0.64,22.62,CT
11,2009,3.48,8.76,0.55,19.16,CT
12,2008,3.12,13.26,0.47,26.25,CT
13,2007,2.85,11.06,0.47,21.17,CT
14,2006,2.71,11.2,0.43,19.27,CT
15,2005,2.73,12.04,0.41,16.05,CT
16,2004,2.38,9.93,0.41,13.2,CT
17,2003,2.41,9.29,0.42,11.21,CT
18,2002,1.99,6.39,0.42,9.82,CT
19,2001,1.67,7.7,0.42,9.93,CT
20,2000,1.53,7.11,0.47,10.18,CT
21,1999,1.7,6.11,0.53,7.67,CT
22,1998,1.81,6.39,0.44,7.14,CT
23,1997,1.91,6.51,0.0,8.35,CT
24,1996,1.91,6.84,0.56,8.7,CT
25,1995,1.89,6.22,0.56,8.2,CT
26,1994,1.79,6.62,0.56,7.93,CT
27,1993,1.72,6.7,0.6,7.76,CT
28,1992,1.97,6.46,0.71,7.63,CT
29,1991,2.17,6.08,0.8,7.55,CT
30,1990,2.14,6.12,0.84,7.69,CT
31,1989,2.15,6.21,0.89,6.64,CT
32,1988,2.3,6.04,0.86,6.17,CT
33,1987,2.44,5.94,0.92,6.04,CT
34,1986,2.3,6.86,0.91,5.71,CT
35,1985,2.37,7.2,0.91,7.46,CT
36,1984,2.86,7.0,0.9,7.47,CT
37,1983,2.33,7.73,0.76,7.48,CT
38,1982,2.52,7.17,0.53,7.98,CT
39,1981,2.51,5.86,0.45,8.67,CT
40,1980,2.26,4.97,0.38,7.08,CT
41,1979,1.67,4.08,0.31,5.16,CT
42,1978,1.82,3.89,0.22,3.58,CT
43,1977,1.78,3.75,0.27,3.49,CT
44,1976,1.64,3.14,0.26,3.16,CT
45,1975,2.02,2.86,0.29,3.07,CT
46,1974,1.23,2.35,0.2,2.91,CT
47,1973,1.1,1.85,0.22,1.72,CT
48,1972,0.81,1.74,0.15,1.52,CT
49,1971,0.58,1.71,0.15,1.53,CT
50,1970,0.48,1.57,0.13,1.39,CT
0,2020,2.38,7.33,0.0,,DE
1,2019,2.57,7.27,0.0,20.77,DE
2,2018,2.64,7.25,0.0,21.81,DE
3,2017,2.69,6.4,0.0,19.49,DE
4,2016,2.86,5.29,0.0,16.98,DE
5,2015,2.93,6.53,0.0,19.24,DE
6,2014,3.08,7.82,0.0,26.73,DE
7,2013,3.2,7.81,0.0,27.48,DE
8,2012,3.35,7.43,0.0,27.67,DE
9,2011,3.41,8.92,0.0,26.83,DE
10,2010,3.35,9.37,0.0,21.05,DE
11,2009,3.26,12.83,0.0,17.84,DE
12,2008,3.53,12.8,0.0,23.99,DE
13,2007,2.37,10.84,0.0,19.55,DE
14,2006,2.32,12.31,0.0,18.24,DE
15,2005,2.11,11.49,0.0,15.21,DE
16,2004,2.18,8.66,0.0,12.31,DE
17,2003,1.88,7.53,0.0,9.96,DE
18,2002,1.59,6.48,0.0,8.59,DE
19,2001,2.08,6.68,0.0,8.74,DE
20,2000,1.5,5.69,0.0,9.53,DE
21,1999,1.56,4.57,0.0,6.81,DE
22,1998,1.54,4.94,0.0,6.38,DE
23,1997,1.55,4.9,0.0,7.25,DE
24,1996,1.57,4.35,0.0,7.12,DE
25,1995,1.58,3.3,0.0,6.99,DE
26,1994,1.59,3.95,0.0,6.18,DE
27,1993,1.66,4.04,0.0,5.83,DE
28,1992,1.7,3.82,0.0,5.71,DE
29,1991,1.74,3.45,0.0,6.37,DE
30,1990,1.75,3.83,0.0,6.58,DE
31,1989,1.75,4.05,0.0,6.12,DE
32,1988,1.76,4.04,0.0,5.42,DE
33,1987,1.77,3.93,0.0,5.59,DE
34,1986,1.87,4.43,0.0,5.28,DE
35,1985,1.87,4.87,0.0,7.39,DE
36,1984,1.93,4.82,0.0,7.19,DE
37,1983,1.96,4.81,0.0,7.23,DE
38,1982,2.07,4.84,0.0,7.22,DE
39,1981,1.98,4.25,0.0,7.46,DE
40,1980,1.57,3.37,0.0,6.03,DE
41,1979,1.35,2.87,0.0,4.51,DE
42,1978,1.29,3.13,0.0,3.21,DE
43,1977,1.1,2.79,0.0,3.09,DE
44,1976,1.02,1.91,0.0,2.83,DE
45,1975,1.16,1.8,0.0,2.78,DE
46,1974,1.1,1.49,0.0,2.49,DE
47,1973,0.57,1.2,0.0,1.45,DE
48,1972,0.54,1.12,0.0,1.36,DE
49,1971,0.52,0.97,0.0,1.41,DE
50,1970,0.39,0.91,0.0,1.29,DE
0,2020,2.54,3.87,0.54,,FL
1,2019,2.91,4.42,0.53,18.77,FL
2,2018,2.94,5.01,0.63,19.87,FL
3,2017,2.98,4.82,0.69,17.7,FL
4,2016,3.03,4.39,0.65,15.57,FL
5,2015,3.11,4.91,0.66,17.6,FL
6,2014,3.33,6.04,0.74,25.02,FL
7,2013,3.44,5.59,0.77,26.09,FL
8,2012,3.51,5.27,0.71,26.65,FL
9,2011,3.55,6.33,0.77,25.75,FL
10,2010,3.48,6.91,0.68,19.82,FL
11,2009,3.4,8.13,0.65,16.83,FL
12,2008,2.99,10.6,0.5,23.94,FL
13,2007,2.58,9.56,0.51,18.56,FL
14,2006,2.59,9.13,0.52,16.84,FL
15,2005,2.33,9.07,0.47,14.28,FL
16,2004,1.93,7.05,0.44,11.07,FL
17,2003,1.76,6.43,0.42,9.35,FL
18,2002,1.76,4.71,0.41,8.12,FL
19,2001,1.72,5.7,0.41,8.17,FL
20,2000,1.57,5.01,0.44,8.84,FL
21,1999,1.59,3.63,0.43,6.53,FL
22,1998,1.65,3.49,0.48,5.77,FL
23,1997,1.73,3.78,0.5,7.22,FL
24,1996,1.74,3.72,0.51,7.36,FL
25,1995,1.79,2.83,0.53,6.73,FL
26,1994,1.78,3.03,0.62,6.22,FL
27,1993,1.78,3.36,0.63,6.18,FL
28,1992,1.83,2.99,0.62,6.38,FL
29,1991,1.86,2.85,0.66,6.42,FL
30,1990,1.85,3.21,0.64,6.96,FL
31,1989,1.79,3.03,0.66,5.99,FL
32,1988,1.78,2.8,0.94,5.5,FL
33,1987,1.82,3.21,0.69,5.82,FL
34,1986,1.93,2.76,0.73,5.3,FL
35,1985,2.12,3.73,0.65,7.49,FL
36,1984,2.16,3.78,0.6,7.44,FL
37,1983,2.17,3.27,0.49,7.22,FL
38,1982,2.15,3.02,0.51,7.86,FL
39,1981,2.01,2.54,0.37,7.91,FL
40,1980,1.8,2.19,0.35,6.64,FL
41,1979,1.62,1.8,0.26,4.81,FL
42,1978,1.47,1.32,0.19,3.53,FL
43,1977,1.27,1.24,0.19,3.34,FL
44,1976,1.1,1.11,0.19,3.05,FL
45,1975,1.01,1.0,0.17,2.99,FL
46,1974,0.74,0.81,0.16,2.77,FL
47,1973,0.51,0.65,0.16,1.72,FL
48,1972,0.43,0.57,0.39,1.53,FL
49,1971,0.34,0.53,0.0,1.5,FL
50,1970,0.31,0.49,0.0,1.51,FL
0,2020,2.74,5.01,0.77,,GA
1,2019,2.74,5.4,0.77,18.59,GA
2,2018,2.78,6.16,0.79,19.75,GA
3,2017,2.79,6.21,0.8,17.48,GA
4,2016,2.82,5.41,0.81,15.52,GA
5,2015,2.96,5.77,0.75,17.63,GA
6,2014,3.15,7.54,0.86,25.03,GA
7,2013,3.22,7.06,0.87,25.81,GA
8,2012,3.51,6.23,0.83,26.2,GA
9,2011,3.78,7.98,0.75,25.29,GA
10,2010,3.9,8.66,0.63,19.8,GA
11,2009,3.63,8.78,0.52,16.3,GA
12,2008,3.09,13.01,0.46,24.08,GA
13,2007,2.63,10.86,0.49,19.07,GA
14,2006,2.44,11.56,0.44,17.54,GA
15,2005,2.21,12.45,0.44,15.59,GA
16,2004,1.82,9.77,0.43,12.08,GA
17,2003,1.73,8.69,0.44,9.98,GA
18,2002,1.7,6.68,0.45,8.64,GA
19,2001,1.68,7.56,0.44,9.03,GA
20,2000,1.55,6.24,0.45,9.57,GA
21,1999,1.56,3.59,0.46,6.98,GA
22,1998,1.56,4.92,0.47,6.31,GA
23,1997,1.6,5.53,0.49,7.38,GA
24,1996,1.59,5.29,0.51,7.5,GA
25,1995,1.68,4.51,0.55,6.9,GA
26,1994,1.7,5.22,0.58,6.77,GA
27,1993,1.78,5.18,0.54,6.77,GA
28,1992,1.8,4.69,0.59,6.86,GA
29,1991,1.8,4.65,0.73,7.26,GA
30,1990,1.79,4.8,0.87,7.44,GA
31,1989,1.75,4.76,1.0,6.46,GA
32,1988,1.75,4.72,1.01,5.81,GA
33,1987,1.79,4.78,0.94,6.02,GA
34,1986,1.81,4.95,0.84,5.79,GA
35,1985,1.88,5.25,0.72,7.56,GA
36,1984,1.92,5.24,0.6,7.67,GA
37,1983,1.89,5.08,0.52,7.85,GA
38,1982,1.86,4.5,0.43,8.94,GA
39,1981,1.71,3.83,0.39,9.45,GA
40,1980,1.5,3.06,0.45,8.03,GA
41,1979,1.38,2.4,0.4,5.52,GA
42,1978,1.26,1.97,0.33,4.16,GA
43,1977,1.11,1.65,0.28,4.01,GA
44,1976,0.99,1.32,0.13,3.71,GA
45,1975,0.95,1.02,0.13,3.65,GA
46,1974,0.8,0.87,0.11,3.27,GA
47,1973,0.44,0.79,0.0,2.14,GA
48,1972,0.45,0.73,0.0,1.99,GA
49,1971,0.44,0.66,0.0,2.03,GA
50,1970,0.39,0.58,0.0,1.93,GA
0,2020,3.46,30.63,0.0,,HI
1,2019,3.51,34.13,0.0,18.7,HI
2,2018,3.28,34.29,0.0,19.56,HI
3,2017,3.08,30.06,0.0,16.17,HI
4,2016,3.09,27.31,0.0,14.31,HI
5,2015,3.3,31.65,0.0,16.71,HI
6,2014,2.59,41.67,0.0,24.38,HI
7,2013,2.12,41.19,0.0,25.76,HI
8,2012,2.01,44.19,0.0,26.64,HI
9,2011,1.83,43.43,0.0,25.46,HI
10,2010,2.32,35.29,0.0,19.08,HI
11,2009,2.33,28.82,0.0,15.1,HI
12,2008,2.29,36.73,0.0,22.75,HI
13,2007,1.94,26.83,0.0,17.0,HI
14,2006,1.72,27.54,0.0,16.0,HI
15,2005,1.49,24.3,0.0,13.79,HI
16,2004,1.87,20.33,0.0,10.5,HI
17,2003,2.85,19.03,0.0,8.84,HI
18,2002,1.65,16.67,0.0,7.48,HI
19,2001,1.23,16.85,0.0,8.07,HI
20,2000,1.49,16.18,0.0,8.05,HI
21,1999,1.46,13.54,0.0,6.06,HI
22,1998,1.46,13.71,0.0,5.6,HI
23,1997,1.59,15.88,0.0,6.48,HI
24,1996,1.55,14.66,0.0,6.65,HI
25,1995,1.48,13.3,0.0,5.9,HI
26,1994,1.37,12.68,0.0,5.74,HI
27,1993,1.35,13.05,0.0,5.97,HI
28,1992,1.36,13.33,0.0,5.54,HI
29,1991,1.75,14.16,0.0,5.92,HI
30,1990,1.81,12.24,0.0,6.4,HI
31,1989,1.76,11.41,0.0,5.38,HI
32,1988,1.8,11.52,0.0,4.83,HI
33,1987,1.95,11.89,0.0,5.21,HI
34,1986,2.36,11.96,0.0,5.05,HI
35,1985,2.3,14.2,0.0,6.79,HI
36,1984,1.87,16.91,0.0,7.16,HI
37,1983,2.11,15.1,0.0,7.34,HI
38,1982,2.07,15.02,0.0,7.88,HI
39,1981,0.0,15.76,0.0,7.97,HI
40,1980,0.0,13.06,0.0,6.16,HI
41,1979,0.0,0.0,0.0,4.21,HI
42,1978,0.0,0.0,0.0,3.23,HI
43,1977,0.0,0.0,0.0,2.96,HI
44,1976,0.0,0.0,0.0,2.68,HI
45,1975,0.0,0.0,0.0,2.52,HI
46,1974,0.0,0.0,0.0,1.99,HI
47,1973,0.0,0.0,0.0,1.33,HI
48,1972,0.0,0.0,0.0,1.14,HI
49,1971,0.0,0.0,0.0,1.12,HI
50,1970,0.0,0.0,0.0,1.08,HI
0,2020,2.24,4.41,0.0,,ID
1,2019,2.51,4.64,0.0,22.15,ID
2,2018,2.34,4.91,0.0,23.31,ID
3,2017,2.25,5.29,0.0,20.09,ID
4,2016,2.24,5.53,0.0,17.44,ID
5,2015,3.18,5.76,0.0,19.76,ID
6,2014,3.26,6.79,0.0,27.71,ID
7,2013,2.73,6.14,0.0,28.21,ID
8,2012,3.04,6.43,0.0,28.72,ID
9,2011,2.53,7.5,0.0,28.09,ID
10,2010,2.35,7.4,0.0,22.43,ID
11,2009,2.55,8.92,0.0,18.51,ID
12,2008,2.5,9.68,0.0,25.19,ID
13,2007,2.06,9.53,0.0,21.12,ID
14,2006,1.99,10.07,0.0,19.13,ID
15,2005,1.8,8.66,0.0,17.07,ID
16,2004,1.75,7.19,0.0,13.65,ID
17,2003,1.75,6.16,0.0,11.81,ID
18,2002,1.71,7.18,0.0,9.53,ID
19,2001,1.69,6.88,0.0,10.42,ID
20,2000,1.7,4.86,0.0,10.76,ID
21,1999,1.27,3.98,0.0,8.24,ID
22,1998,1.89,3.77,0.0,7.79,ID
23,1997,1.99,3.52,0.0,9.16,ID
24,1996,2.0,3.6,0.0,9.09,ID
25,1995,1.79,4.19,0.0,8.03,ID
26,1994,1.88,4.25,0.0,8.2,ID
27,1993,1.8,3.78,0.0,8.28,ID
28,1992,1.89,3.62,0.0,8.24,ID
29,1991,1.9,3.62,0.0,8.1,ID
30,1990,1.77,3.42,0.0,8.18,ID
31,1989,1.83,3.57,0.0,7.39,ID
32,1988,1.8,4.49,0.0,6.84,ID
33,1987,1.97,5.86,0.0,6.64,ID
34,1986,2.01,4.22,0.0,6.49,ID
35,1985,1.85,5.07,0.0,8.56,ID
36,1984,2.17,5.17,0.0,8.62,ID
37,1983,2.11,5.51,0.0,8.6,ID
38,1982,2.02,5.04,0.0,9.36,ID
39,1981,1.89,4.1,0.0,9.74,ID
40,1980,1.74,3.87,0.0,8.11,ID
41,1979,1.81,2.75,0.0,5.68,ID
42,1978,1.44,2.45,0.0,4.24,ID
43,1977,1.27,2.15,0.0,4.02,ID
44,1976,1.2,1.76,0.0,3.8,ID
45,1975,0.96,1.43,0.0,3.63,ID
46,1974,0.86,0.97,0.0,3.29,ID
47,1973,0.57,0.81,0.0,2.35,ID
48,1972,0.62,0.79,0.0,1.99,ID
49,1971,0.63,0.73,0.0,1.96,ID
50,1970,0.65,0.66,0.0,1.92,ID
0,2020,1.89,5.53,0.64,,IL
1,2019,2.16,6.21,0.67,19.54,IL
2,2018,1.92,6.56,0.72,20.86,IL
3,2017,1.98,6.87,0.74,18.05,IL
4,2016,2.06,6.12,0.68,15.83,IL
5,2015,2.03,6.62,0.72,18.15,IL
6,2014,2.12,8.61,0.77,25.93,IL
7,2013,2.07,7.2,0.81,26.96,IL
8,2012,2.2,6.84,0.75,27.43,IL
9,2011,1.99,7.87,0.69,27.18,IL
10,2010,1.85,8.34,0.65,21.23,IL
11,2009,1.72,8.24,0.56,18.07,IL
12,2008,1.65,11.38,0.46,25.07,IL
13,2007,1.41,9.85,0.43,20.79,IL
14,2006,1.33,10.29,0.41,18.8,IL
15,2005,1.24,10.78,0.44,16.22,IL
16,2004,1.18,8.77,0.43,13.16,IL
17,2003,1.19,7.99,0.46,11.19,IL
18,2002,1.21,5.92,0.48,10.05,IL
19,2001,1.22,7.9,0.51,10.68,IL
20,2000,1.19,6.56,0.46,10.89,IL
21,1999,1.44,4.74,0.49,8.3,IL
22,1998,1.55,4.63,0.49,7.77,IL
23,1997,1.55,5.03,0.48,9.0,IL
24,1996,1.62,4.73,0.51,9.22,IL
25,1995,1.62,4.11,0.51,8.5,IL
26,1994,1.59,4.88,0.53,8.2,IL
27,1993,1.67,4.97,0.52,8.17,IL
28,1992,1.7,4.49,0.52,8.12,IL
29,1991,1.7,4.4,0.49,8.39,IL
30,1990,1.71,4.57,0.57,8.71,IL
31,1989,1.77,4.41,0.6,7.46,IL
32,1988,1.84,4.1,0.66,6.99,IL
33,1987,1.92,4.36,0.64,6.96,IL
34,1986,2.06,4.59,0.64,6.73,IL
35,1985,2.12,5.0,0.64,8.64,IL
36,1984,1.97,4.84,0.56,8.26,IL
37,1983,2.02,4.97,0.56,8.18,IL
38,1982,1.99,4.43,0.51,8.9,IL
39,1981,1.87,3.77,0.42,8.96,IL
40,1980,1.64,3.33,0.33,7.81,IL
41,1979,1.49,2.77,0.3,5.52,IL
42,1978,1.34,2.3,0.25,4.08,IL
43,1977,1.11,1.99,0.21,3.97,IL
44,1976,0.96,1.65,0.19,3.66,IL
45,1975,0.89,1.38,0.18,3.44,IL
46,1974,0.66,1.05,0.17,3.2,IL
47,1973,0.46,0.91,0.16,2.17,IL
48,1972,0.44,0.85,0.15,1.88,IL
49,1971,0.4,0.76,0.16,1.93,IL
50,1970,0.36,0.72,0.15,1.89,IL
0,2020,2.61,4.9,0.0,,IN
1,2019,2.69,5.31,0.0,20.01,IN
2,2018,2.48,5.79,0.0,21.13,IN
3,2017,2.51,5.93,0.0,18.6,IN
4,2016,2.47,5.0,0.0,16.37,IN
5,2015,2.65,6.21,0.0,18.28,IN
6,2014,2.88,7.44,0.0,26.04,IN
7,2013,2.98,6.69,0.0,26.93,IN
8,2012,3.25,6.2,0.0,27.2,IN
9,2011,3.12,6.99,0.0,26.8,IN
10,2010,2.61,6.51,0.0,21.27,IN
11,2009,2.4,8.12,0.0,16.99,IN
12,2008,2.28,11.02,0.0,24.37,IN
13,2007,1.92,9.23,0.0,19.72,IN
14,2006,1.84,10.41,0.0,17.73,IN
15,2005,1.73,10.54,0.0,15.56,IN
16,2004,1.41,8.52,0.0,12.2,IN
17,2003,1.34,7.89,0.0,10.4,IN
18,2002,1.31,6.16,0.0,8.94,IN
19,2001,1.25,8.35,0.0,9.53,IN
20,2000,1.18,5.39,0.0,10.0,IN
21,1999,1.2,4.72,0.0,7.42,IN
22,1998,1.22,4.97,0.0,6.91,IN
23,1997,1.25,5.08,0.0,7.93,IN
24,1996,1.29,4.37,0.0,8.01,IN
25,1995,1.35,4.12,0.0,7.28,IN
26,1994,1.34,5.13,0.0,6.92,IN
27,1993,1.37,4.51,0.0,6.95,IN
28,1992,1.42,4.18,0.0,7.06,IN
29,1991,1.46,4.25,0.0,7.38,IN
30,1990,1.46,4.26,0.0,7.54,IN
31,1989,1.48,4.52,0.0,6.58,IN
32,1988,1.57,4.31,0.0,6.0,IN
33,1987,1.55,4.08,0.0,6.03,IN
34,1986,1.66,4.59,0.0,5.83,IN
35,1985,1.77,4.71,0.0,7.9,IN
36,1984,1.75,4.88,0.0,7.84,IN
37,1983,1.75,4.86,0.0,8.2,IN
38,1982,1.81,3.98,0.0,8.85,IN
39,1981,1.79,3.3,0.0,9.23,IN
40,1980,1.53,2.88,0.0,7.9,IN
41,1979,1.41,2.41,0.0,5.57,IN
42,1978,1.42,1.95,0.0,4.09,IN
43,1977,1.14,1.76,0.0,3.94,IN
44,1976,0.99,1.39,0.0,3.64,IN
45,1975,1.09,1.16,0.0,3.57,IN
46,1974,0.86,0.93,0.0,3.3,IN
47,1973,0.49,0.83,0.0,2.24,IN
48,1972,0.45,0.78,0.0,1.94,IN
49,1971,0.39,0.72,0.0,2.0,IN
50,1970,0.36,0.68,0.0,2.06,IN
0,2020,1.6,4.31,0.65,,IA
1,2019,1.61,4.7,0.69,18.34,IA
2,2018,1.71,5.57,0.75,19.61,IA
3,2017,1.76,5.61,0.76,17.25,IA
4,2016,1.72,5.14,0.67,15.11,IA
5,2015,1.77,5.74,0.71,17.31,IA
6,2014,1.8,7.92,0.8,24.67,IA
7,2013,1.83,6.32,0.84,25.14,IA
8,2012,1.66,5.87,0.77,26.25,IA
9,2011,1.62,6.87,0.7,26.29,IA
10,2010,1.51,7.13,0.65,20.79,IA
11,2009,1.43,7.29,0.57,18.44,IA
12,2008,1.36,10.01,0.58,25.35,IA
13,2007,1.23,9.39,0.63,21.11,IA
14,2006,1.24,9.75,0.55,18.88,IA
15,2005,1.09,10.4,0.55,16.38,IA
16,2004,1.0,8.43,0.55,12.99,IA
17,2003,0.95,7.62,0.56,11.0,IA
18,2002,0.97,6.0,0.58,9.62,IA
19,2001,0.91,7.37,0.62,10.54,IA
20,2000,0.91,6.45,0.61,10.76,IA
21,1999,0.91,4.71,0.6,7.86,IA
22,1998,0.95,4.42,0.61,7.29,IA
23,1997,1.02,4.97,0.65,8.54,IA
24,1996,1.02,4.43,0.72,8.76,IA
25,1995,1.05,4.0,0.74,7.88,IA
26,1994,1.06,4.51,0.66,7.81,IA
27,1993,1.07,4.49,0.6,7.96,IA
28,1992,1.14,4.23,0.56,7.97,IA
29,1991,1.15,3.65,0.66,8.3,IA
30,1990,1.16,3.81,0.66,8.46,IA
31,1989,1.24,3.57,0.67,7.57,IA
32,1988,1.27,3.8,0.68,6.64,IA
33,1987,1.3,3.63,0.71,6.76,IA
34,1986,1.41,4.22,0.75,6.61,IA
35,1985,1.51,4.6,0.94,8.3,IA
36,1984,1.56,4.71,0.79,8.31,IA
37,1983,1.63,4.76,0.68,8.39,IA
38,1982,1.61,4.19,0.54,8.9,IA
39,1981,1.53,3.42,0.53,9.39,IA
40,1980,1.42,2.79,0.39,8.26,IA
41,1979,1.29,2.29,0.32,5.78,IA
42,1978,1.24,1.93,0.34,4.47,IA
43,1977,1.08,1.59,0.27,4.29,IA
44,1976,0.97,1.23,0.25,3.93,IA
45,1975,0.95,1.0,0.25,3.75,IA
46,1974,0.69,0.8,0.19,3.41,IA
47,1973,0.48,0.73,0.0,2.5,IA
48,1972,0.41,0.7,0.0,2.23,IA
49,1971,0.4,0.61,0.0,2.17,IA
50,1970,0.37,0.57,0.0,2.11,IA
0,2020,1.56,5.39,0.56,,KS
1,2019,1.62,5.68,0.57,20.04,KS
2,2018,1.71,6.32,0.58,21.07,KS
3,2017,1.72,6.47,0.64,18.38,KS
4,2016,1.7,5.81,0.66,16.1,KS
5,2015,1.71,6.43,0.64,18.55,KS
6,2014,1.8,7.7,0.65,26.33,KS
7,2013,1.78,6.98,0.75,27.16,KS
8,2012,1.84,5.72,0.7,27.47,KS
9,2011,1.76,6.89,0.69,27.02,KS
10,2010,1.52,7.4,0.62,20.95,KS
11,2009,1.44,7.13,0.46,17.76,KS
12,2008,1.42,10.4,0.42,25.27,KS
13,2007,1.24,9.09,0.43,21.07,KS
14,2006,1.21,9.07,0.41,18.84,KS
15,2005,1.13,9.56,0.42,16.15,KS
16,2004,1.03,8.27,0.41,12.67,KS
17,2003,1.02,6.78,0.37,10.92,KS
18,2002,0.99,5.12,0.4,9.49,KS
19,2001,1.05,6.82,0.44,10.01,KS
20,2000,0.99,5.48,0.44,10.54,KS
21,1999,0.96,4.09,0.45,7.86,KS
22,1998,0.98,4.12,0.47,7.23,KS
23,1997,1.02,4.46,0.49,8.54,KS
24,1996,1.0,4.16,0.49,8.45,KS
25,1995,1.03,3.22,0.39,7.55,KS
26,1994,1.03,3.44,0.35,7.38,KS
27,1993,1.03,3.59,0.33,7.2,KS
28,1992,1.18,3.38,0.29,7.6,KS
29,1991,1.23,3.11,0.31,7.23,KS
30,1990,1.24,3.3,0.3,7.53,KS
31,1989,1.24,3.36,0.32,7.07,KS
32,1988,1.24,3.03,0.45,6.44,KS
33,1987,1.27,3.15,0.51,6.77,KS
34,1986,1.33,3.3,0.63,6.5,KS
35,1985,1.41,3.58,0.84,7.36,KS
36,1984,1.51,3.99,0.0,7.53,KS
37,1983,1.43,3.91,0.0,7.84,KS
38,1982,1.36,3.19,0.0,8.48,KS
39,1981,1.2,2.77,0.0,8.83,KS
40,1980,1.08,2.14,0.0,7.6,KS
41,1979,1.01,1.68,0.0,5.35,KS
42,1978,0.91,1.35,0.0,3.98,KS
43,1977,0.76,1.22,0.0,3.94,KS
44,1976,0.75,1.01,0.0,3.67,KS
45,1975,0.68,0.67,0.0,3.49,KS
46,1974,0.41,0.52,0.0,3.34,KS
47,1973,0.33,0.44,0.0,2.36,KS
48,1972,0.36,0.46,0.0,1.99,KS
49,1971,0.35,0.41,0.0,2.03,KS
50,1970,0.34,0.39,0.0,2.02,KS
0,2020,1.93,4.9,0.0,,KY
1,2019,1.98,5.18,0.0,18.64,KY
2,2018,2.0,5.42,0.0,19.83,KY
3,2017,2.04,5.76,0.0,17.22,KY
4,2016,2.15,5.22,0.0,14.72,KY
5,2015,2.27,6.03,0.0,17.0,KY
6,2014,2.38,7.4,0.0,24.48,KY
7,2013,2.4,6.67,0.0,25.63,KY
8,2012,2.47,5.71,0.0,25.3,KY
9,2011,2.44,7.05,0.0,25.65,KY
10,2010,2.36,7.13,0.0,19.77,KY
11,2009,2.27,8.43,0.0,15.9,KY
12,2008,2.26,11.54,0.0,22.74,KY
13,2007,1.86,9.46,0.0,18.28,KY
14,2006,1.81,10.92,0.0,16.33,KY
15,2005,1.62,10.78,0.0,14.42,KY
16,2004,1.41,8.55,0.0,11.22,KY
17,2003,1.26,7.47,0.0,9.51,KY
18,2002,1.23,5.61,0.0,8.32,KY
19,2001,1.15,7.62,0.0,9.28,KY
20,2000,1.06,5.77,0.0,10.08,KY
21,1999,1.11,4.25,0.0,7.77,KY
22,1998,1.1,4.69,0.0,7.13,KY
23,1997,1.12,4.97,0.0,8.52,KY
24,1996,1.13,4.47,0.0,8.54,KY
25,1995,1.17,3.78,0.0,7.79,KY
26,1994,1.21,4.29,0.0,7.53,KY
27,1993,1.22,4.3,0.0,7.57,KY
28,1992,1.22,3.92,0.0,7.36,KY
29,1991,1.24,3.9,0.0,7.7,KY
30,1990,1.27,4.11,0.0,8.04,KY
31,1989,1.22,4.07,0.0,6.96,KY
32,1988,1.26,3.89,0.0,6.49,KY
33,1987,1.31,3.91,0.0,6.59,KY
34,1986,1.39,4.38,0.0,6.25,KY
35,1985,1.48,4.77,0.0,7.78,KY
36,1984,1.53,4.76,0.0,7.93,KY
37,1983,1.55,4.91,0.0,8.09,KY
38,1982,1.6,4.27,0.0,8.83,KY
39,1981,1.52,3.3,0.0,9.25,KY
40,1980,1.37,2.85,0.0,7.93,KY
41,1979,1.2,2.16,0.0,5.67,KY
42,1978,1.17,1.79,0.0,4.3,KY
43,1977,0.92,1.63,0.0,4.23,KY
44,1976,0.76,1.19,0.0,4.0,KY
45,1975,0.75,1.02,0.0,3.89,KY
46,1974,0.62,0.87,0.0,3.61,KY
47,1973,0.35,0.76,0.0,2.53,KY
48,1972,0.33,0.72,0.0,2.3,KY
49,1971,0.29,0.69,0.0,2.29,KY
50,1970,0.27,0.65,0.0,2.18,KY
0,2020,4.85,2.78,0.55,,LA
1,2019,3.19,3.47,0.64,13.84,LA
2,2018,3.18,3.76,0.73,15.75,LA
3,2017,3.0,3.82,0.74,12.94,LA
4,2016,2.99,3.25,0.58,11.19,LA
5,2015,3.23,3.49,0.8,12.8,LA
6,2014,2.98,5.18,0.84,20.25,LA
7,2013,2.92,4.17,0.91,20.71,LA
8,2012,2.9,3.27,0.8,21.69,LA
9,2011,2.67,4.59,0.78,23.52,LA
10,2010,2.4,5.02,0.75,18.67,LA
11,2009,2.35,4.69,0.6,15.17,LA
12,2008,2.36,9.49,0.5,23.58,LA
13,2007,2.14,7.31,0.55,18.03,LA
14,2006,1.77,7.54,0.49,16.43,LA
15,2005,1.59,8.99,0.46,13.95,LA
16,2004,1.38,6.62,0.47,10.51,LA
17,2003,1.34,5.77,0.46,8.39,LA
18,2002,1.29,3.83,0.46,7.03,LA
19,2001,1.31,5.08,0.48,7.4,LA
20,2000,1.32,4.2,0.62,7.93,LA
21,1999,1.4,2.68,0.56,5.46,LA
22,1998,1.43,2.42,0.53,4.77,LA
23,1997,1.48,2.8,0.99,6.01,LA
24,1996,1.51,2.99,0.56,6.29,LA
25,1995,1.56,2.0,0.64,5.53,LA
26,1994,1.55,2.33,0.7,5.26,LA
27,1993,1.59,2.5,0.69,5.27,LA
28,1992,1.54,2.09,0.81,5.45,LA
29,1991,1.65,1.88,0.84,6.36,LA
30,1990,1.68,2.11,0.88,6.79,LA
31,1989,1.62,2.12,0.9,5.49,LA
32,1988,1.56,2.14,0.92,5.05,LA
33,1987,1.63,2.0,0.97,5.38,LA
34,1986,1.78,2.15,1.04,4.86,LA
35,1985,2.14,3.09,0.86,6.67,LA
36,1984,2.21,3.29,0.0,6.99,LA
37,1983,2.24,3.35,0.0,6.88,LA
38,1982,2.2,3.23,0.0,7.13,LA
39,1981,1.97,2.26,0.0,7.44,LA
40,1980,1.25,1.61,0.0,6.32,LA
41,1979,1.7,1.24,0.0,4.44,LA
42,1978,1.69,1.07,0.0,3.36,LA
43,1977,1.34,1.14,0.0,3.16,LA
44,1976,0.0,0.93,0.0,3.02,LA
45,1975,0.0,0.75,0.0,2.86,LA
46,1974,0.0,0.6,0.0,2.51,LA
47,1973,0.0,0.39,0.0,1.51,LA
48,1972,0.0,0.34,0.0,1.42,LA
49,1971,0.0,0.29,0.0,1.45,LA
50,1970,0.0,0.27,0.0,1.4,LA
0,2020,3.65,7.77,0.0,,ME
1,2019,3.94,8.87,0.0,21.12,ME
2,2018,4.29,8.85,0.0,22.21,ME
3,2017,4.48,7.59,0.0,19.47,ME
4,2016,4.29,6.42,0.0,17.32,ME
5,2015,4.1,8.53,0.0,19.46,ME
6,2014,4.89,10.2,0.0,27.8,ME
7,2013,4.87,9.09,0.0,28.21,ME
8,2012,4.69,7.62,0.0,28.84,ME
9,2011,4.2,7.84,0.0,27.47,ME
10,2010,3.82,7.88,0.0,21.55,ME
11,2009,3.86,7.1,0.0,18.19,ME
12,2008,3.57,11.92,0.0,25.29,ME
13,2007,3.16,10.08,0.0,19.98,ME
14,2006,3.09,9.6,0.0,18.02,ME
15,2005,3.04,10.05,0.0,15.1,ME
16,2004,2.62,7.49,0.0,12.08,ME
17,2003,2.26,6.6,0.0,10.42,ME
18,2002,2.15,5.04,0.0,8.94,ME
19,2001,1.87,4.09,0.0,9.0,ME
20,2000,1.87,4.31,0.0,9.31,ME
21,1999,1.88,5.69,0.0,6.43,ME
22,1998,1.97,6.37,0.0,6.13,ME
23,1997,2.16,6.77,0.0,7.29,ME
24,1996,2.06,6.36,0.38,7.42,ME
25,1995,2.06,5.71,2.14,6.66,ME
26,1994,2.04,6.16,0.39,6.36,ME
27,1993,2.09,5.96,0.37,6.42,ME
28,1992,2.43,5.36,0.39,6.54,ME
29,1991,2.33,5.38,0.43,6.7,ME
30,1990,2.35,5.89,0.46,7.0,ME
31,1989,2.64,5.58,0.54,6.13,ME
32,1988,2.58,5.64,0.64,5.62,ME
33,1987,2.43,6.45,0.6,5.85,ME
34,1986,2.65,7.06,0.58,5.27,ME
35,1985,2.49,7.41,0.62,7.39,ME
36,1984,2.51,8.13,0.63,7.3,ME
37,1983,2.03,8.5,0.62,7.46,ME
38,1982,2.11,7.22,0.58,7.21,ME
39,1981,2.05,6.03,0.67,8.07,ME
40,1980,1.77,5.03,0.58,6.99,ME
41,1979,1.68,3.65,0.36,4.9,ME
42,1978,2.02,3.12,0.32,3.61,ME
43,1977,2.32,3.1,0.3,3.44,ME
44,1976,1.89,2.46,0.2,3.07,ME
45,1975,2.6,2.03,0.32,3.03,ME
46,1974,1.61,1.82,0.3,2.69,ME
47,1973,1.25,1.64,0.27,1.49,ME
48,1972,1.21,1.63,0.24,1.32,ME
49,1971,0.98,1.53,0.0,1.37,ME
50,1970,1.06,1.48,0.0,1.45,ME
0,2020,2.37,7.91,0.62,,MD
1,2019,2.66,8.08,0.65,21.23,MD
2,2018,2.53,7.95,0.68,22.37,MD
3,2017,2.65,9.2,0.71,19.9,MD
4,2016,2.83,8.06,0.71,17.39,MD
5,2015,2.86,9.09,0.72,19.7,MD
6,2014,2.96,10.18,0.72,27.36,MD
7,2013,3.39,9.57,0.77,28.17,MD
8,2012,3.54,8.63,0.73,28.86,MD
9,2011,3.65,10.03,0.67,27.86,MD
10,2010,3.36,9.94,0.64,21.94,MD
11,2009,2.98,11.15,0.55,18.46,MD
12,2008,3.63,13.72,0.48,25.55,MD
13,2007,2.16,12.44,0.46,20.78,MD
14,2006,2.29,13.28,0.52,19.47,MD
15,2005,1.96,12.43,0.42,15.87,MD
16,2004,1.77,10.26,0.42,12.6,MD
17,2003,1.62,9.14,0.4,10.85,MD
18,2002,1.63,7.52,0.38,9.46,MD
19,2001,1.56,9.68,0.38,9.81,MD
20,2000,1.33,7.97,0.43,10.3,MD
21,1999,1.37,6.6,0.46,7.88,MD
22,1998,1.45,6.27,0.46,7.42,MD
23,1997,1.49,5.71,0.47,8.86,MD
24,1996,1.48,6.2,0.48,8.99,MD
25,1995,1.49,4.8,0.48,8.46,MD
26,1994,1.53,5.31,0.52,7.85,MD
27,1993,1.58,5.42,0.53,7.75,MD
28,1992,1.57,4.92,0.45,7.96,MD
29,1991,1.62,4.62,0.5,7.86,MD
30,1990,1.61,5.01,0.61,8.18,MD
31,1989,1.6,5.07,0.52,7.11,MD
32,1988,1.57,4.92,0.49,6.72,MD
33,1987,1.56,5.31,0.49,6.64,MD
34,1986,1.66,5.99,0.56,6.42,MD
35,1985,1.75,6.29,0.59,8.12,MD
36,1984,1.8,6.59,0.58,7.77,MD
37,1983,1.81,6.64,0.53,7.89,MD
38,1982,2.09,5.52,0.47,8.48,MD
39,1981,1.99,4.42,0.46,8.95,MD
40,1980,1.77,3.81,0.44,7.66,MD
41,1979,1.75,2.88,0.42,5.18,MD
42,1978,1.69,3.01,0.36,3.8,MD
43,1977,1.55,2.75,0.31,3.75,MD
44,1976,1.6,2.18,0.22,3.43,MD
45,1975,1.69,1.94,0.23,3.29,MD
46,1974,1.36,1.37,0.0,2.9,MD
47,1973,0.67,1.2,0.0,1.75,MD
48,1972,0.61,1.18,0.0,1.63,MD
49,1971,0.6,1.12,0.0,1.64,MD
50,1970,0.45,1.07,0.0,1.62,MD
0,2020,0.0,9.68,0.0,,MA
1,2019,6.11,10.1,0.69,20.81,MA
2,2018,5.73,10.57,0.75,21.93,MA
3,2017,4.35,8.18,0.76,19.08,MA
4,2016,4.08,7.52,0.67,17.02,MA
5,2015,3.56,8.71,0.71,19.32,MA
6,2014,4.33,10.83,0.8,27.42,MA
7,2013,4.25,9.49,0.84,28.5,MA
8,2012,3.76,7.98,0.77,29.22,MA
9,2011,3.72,9.06,0.7,27.88,MA
10,2010,3.21,9.4,0.65,21.95,MA
11,2009,3.49,10.11,0.57,18.53,MA
12,2008,2.97,13.75,0.48,25.44,MA
13,2007,2.8,12.15,0.57,20.64,MA
14,2006,2.8,12.14,0.41,18.87,MA
15,2005,3.08,12.4,0.44,15.82,MA
16,2004,1.98,10.24,0.43,12.46,MA
17,2003,1.77,8.81,0.45,10.89,MA
18,2002,1.94,6.91,0.47,9.46,MA
19,2001,1.68,8.8,0.49,9.79,MA
20,2000,1.75,7.45,0.44,10.24,MA
21,1999,1.75,5.96,0.44,7.56,MA
22,1998,1.69,6.22,0.45,6.61,MA
23,1997,1.71,6.29,0.46,7.98,MA
24,1996,1.7,5.99,0.4,8.38,MA
25,1995,1.69,5.24,0.42,7.79,MA
26,1994,1.69,5.86,0.49,7.15,MA
27,1993,1.7,5.68,0.49,6.99,MA
28,1992,1.74,5.31,0.5,6.96,MA
29,1991,1.75,5.38,0.61,7.02,MA
30,1990,1.76,5.48,0.62,7.21,MA
31,1989,1.64,5.31,0.7,6.15,MA
32,1988,1.66,5.46,0.96,5.59,MA
33,1987,1.65,5.23,0.92,5.62,MA
34,1986,1.82,6.35,0.88,5.15,MA
35,1985,2.01,6.25,0.6,7.29,MA
36,1984,2.17,6.53,1.05,7.37,MA
37,1983,2.25,6.94,0.56,7.4,MA
38,1982,2.48,6.58,0.5,7.54,MA
39,1981,2.44,5.8,0.44,7.88,MA
40,1980,1.95,4.88,0.41,6.59,MA
41,1979,1.9,4.04,0.32,4.75,MA
42,1978,2.01,3.74,0.28,3.32,MA
43,1977,2.2,3.56,0.2,3.33,MA
44,1976,1.96,3.3,0.23,2.98,MA
45,1975,1.57,2.86,0.18,2.95,MA
46,1974,1.43,2.33,0.22,2.75,MA
47,1973,1.37,1.97,0.21,1.6,MA
48,1972,1.0,1.85,0.2,1.41,MA
49,1971,0.62,1.7,0.19,1.41,MA
50,1970,0.55,1.58,0.2,1.24,MA
0,2020,2.3,5.3,0.51,,MI
1,2019,2.46,5.62,0.58,19.51,MI
2,2018,2.39,5.95,0.63,20.57,MI
3,2017,2.4,6.09,0.68,18.1,MI
4,2016,2.37,5.74,0.73,16.14,MI
5,2015,2.58,6.73,0.78,18.45,MI
6,2014,2.81,8.27,0.7,25.93,MI
7,2013,2.89,7.56,0.8,26.96,MI
8,2012,3.09,7.38,0.79,27.65,MI
9,2011,3.0,8.76,0.76,27.21,MI
10,2010,2.39,9.24,0.78,21.45,MI
11,2009,2.26,9.53,0.66,18.59,MI
12,2008,2.17,10.69,0.51,25.55,MI
13,2007,1.85,9.62,0.47,21.41,MI
14,2006,1.81,10.2,0.4,19.5,MI
15,2005,1.7,8.99,0.43,17.0,MI
16,2004,1.46,7.24,0.42,13.58,MI
17,2003,1.39,6.24,0.42,11.66,MI
18,2002,1.36,5.34,0.43,10.19,MI
19,2001,1.32,5.02,0.48,10.83,MI
20,2000,1.35,4.44,0.61,11.09,MI
21,1999,1.37,4.17,0.6,8.14,MI
22,1998,1.38,4.18,0.65,7.62,MI
23,1997,1.42,4.36,0.59,8.58,MI
24,1996,1.44,4.23,0.59,8.81,MI
25,1995,1.48,3.93,0.65,7.99,MI
26,1994,1.53,4.24,0.52,7.91,MI
27,1993,1.55,4.26,0.6,7.81,MI
28,1992,1.58,4.2,0.67,7.9,MI
29,1991,1.62,4.26,0.65,8.13,MI
30,1990,1.63,4.16,0.79,8.45,MI
31,1989,1.72,4.6,0.78,7.48,MI
32,1988,1.75,4.8,0.88,6.84,MI
33,1987,1.76,4.96,0.77,6.95,MI
34,1986,1.84,5.12,0.77,6.71,MI
35,1985,1.92,5.7,0.8,8.76,MI
36,1984,1.95,5.47,0.69,8.79,MI
37,1983,1.95,5.41,0.59,8.84,MI
38,1982,2.05,4.51,0.53,9.6,MI
39,1981,1.89,3.65,0.5,9.84,MI
40,1980,1.71,3.05,0.49,8.57,MI
41,1979,1.61,2.47,0.38,6.08,MI
42,1978,1.43,2.12,0.33,4.34,MI
43,1977,1.28,2.02,0.43,4.25,MI
44,1976,1.24,1.71,0.29,3.91,MI
45,1975,1.23,1.42,0.28,3.75,MI
46,1974,1.0,1.11,0.25,3.54,MI
47,1973,0.57,0.91,0.24,2.36,MI
48,1972,0.54,0.86,0.26,2.04,MI
49,1971,0.5,0.81,0.29,2.06,MI
50,1970,0.44,0.77,0.36,2.04,MI
0,2020,2.0,5.21,0.81,,MN
1,2019,2.07,5.48,0.81,19.92,MN
2,2018,2.23,6.09,0.8,21.08,MN
3,2017,2.19,5.94,0.79,18.56,MN
4,2016,2.11,5.39,0.81,16.01,MN
5,2015,1.97,6.17,0.85,18.65,MN
6,2014,2.05,7.88,0.9,26.25,MN
7,2013,2.12,6.26,0.97,27.13,MN
8,2012,2.09,5.56,0.91,27.73,MN
9,2011,2.01,7.01,0.9,27.47,MN
10,2010,1.82,7.0,0.84,21.6,MN
11,2009,1.73,7.3,0.71,18.16,MN
12,2008,1.73,9.99,0.48,24.47,MN
13,2007,1.55,9.31,0.51,20.45,MN
14,2006,1.28,9.86,0.46,18.39,MN
15,2005,1.18,9.93,0.46,15.7,MN
16,2004,1.11,8.24,0.44,12.63,MN
17,2003,1.11,7.43,0.44,10.7,MN
18,2002,1.1,5.5,0.46,9.66,MN
19,2001,1.06,7.19,0.47,10.26,MN
20,2000,1.16,5.86,0.45,10.39,MN
21,1999,1.16,4.26,0.48,7.93,MN
22,1998,1.13,4.13,0.48,7.5,MN
23,1997,1.14,4.58,0.47,8.64,MN
24,1996,1.12,4.39,0.48,8.72,MN
25,1995,1.21,3.73,0.48,7.85,MN
26,1994,1.22,4.16,0.47,7.88,MN
27,1993,1.2,4.36,0.41,7.86,MN
28,1992,1.24,3.99,0.44,7.72,MN
29,1991,1.3,3.7,0.47,8.02,MN
30,1990,1.31,3.87,0.48,8.4,MN
31,1989,1.25,3.87,0.49,7.55,MN
32,1988,1.24,3.87,0.49,6.86,MN
33,1987,1.26,3.72,0.51,6.75,MN
34,1986,1.44,4.61,0.5,6.53,MN
35,1985,1.51,5.13,0.5,8.49,MN
36,1984,1.46,5.32,0.53,8.43,MN
37,1983,1.48,5.18,0.49,8.51,MN
38,1982,1.39,4.57,0.44,9.06,MN
39,1981,1.22,3.65,0.46,9.23,MN
40,1980,1.11,2.85,0.44,7.95,MN
41,1979,1.07,2.17,0.35,5.72,MN
42,1978,0.96,1.85,0.31,4.09,MN
43,1977,0.87,1.62,0.27,4.07,MN
44,1976,0.84,1.39,0.25,3.72,MN
45,1975,0.83,1.17,0.24,3.59,MN
46,1974,0.65,0.96,0.23,3.27,MN
47,1973,0.48,0.82,0.16,2.23,MN
48,1972,0.46,0.78,0.16,1.99,MN
49,1971,0.49,0.72,0.15,2.06,MN
50,1970,0.43,0.66,0.0,2.02,MN
0,2020,2.64,3.16,0.38,,MS
1,2019,2.94,3.68,0.8,19.45,MS
2,2018,2.69,4.11,0.99,20.65,MS
3,2017,2.66,4.04,1.03,18.09,MS
4,2016,2.69,3.51,0.49,15.97,MS
5,2015,3.1,3.73,0.81,18.15,MS
6,2014,3.29,5.47,0.88,25.91,MS
7,2013,3.96,4.86,1.01,26.76,MS
8,2012,4.46,3.82,0.91,27.34,MS
9,2011,3.88,5.16,0.78,26.79,MS
10,2010,3.21,5.73,0.77,21.2,MS
11,2009,3.38,5.72,0.62,17.49,MS
12,2008,3.26,10.12,0.44,24.85,MS
13,2007,2.94,8.07,0.48,19.56,MS
14,2006,2.48,8.59,0.45,18.07,MS
15,2005,2.25,9.61,0.4,15.88,MS
16,2004,1.7,6.81,0.4,12.03,MS
17,2003,1.55,6.44,0.42,10.07,MS
18,2002,1.65,4.3,0.38,9.23,MS
19,2001,1.64,5.11,0.4,8.94,MS
20,2000,1.53,4.69,0.42,9.72,MS
21,1999,1.55,3.21,0.47,6.85,MS
22,1998,1.54,3.25,0.48,6.16,MS
23,1997,1.55,3.7,0.47,7.56,MS
24,1996,1.52,3.58,0.5,7.86,MS
25,1995,1.54,2.62,0.52,7.22,MS
26,1994,1.58,2.95,0.52,6.96,MS
27,1993,1.64,3.31,0.56,6.57,MS
28,1992,1.6,2.71,0.7,6.88,MS
29,1991,1.67,2.59,0.88,7.12,MS
30,1990,1.66,2.75,1.11,7.55,MS
31,1989,1.67,2.89,1.17,6.82,MS
32,1988,1.81,3.19,1.4,6.09,MS
33,1987,1.94,3.33,0.89,6.12,MS
34,1986,2.27,3.4,1.15,5.73,MS
35,1985,2.5,3.76,1.13,7.7,MS
36,1984,2.4,3.85,1.08,7.66,MS
37,1983,2.47,4.29,0.0,7.83,MS
38,1982,2.42,3.81,0.0,8.87,MS
39,1981,2.27,3.11,0.0,8.69,MS
40,1980,1.83,2.55,0.0,7.1,MS
41,1979,1.67,2.18,0.0,4.87,MS
42,1978,1.44,1.7,0.0,3.47,MS
43,1977,1.1,1.55,0.0,3.47,MS
44,1976,1.03,1.22,0.0,3.23,MS
45,1975,0.83,0.87,0.0,3.12,MS
46,1974,0.62,0.67,0.0,3.02,MS
47,1973,0.41,0.53,0.0,2.16,MS
48,1972,0.37,0.45,0.0,2.11,MS
49,1971,0.3,0.42,0.0,2.2,MS
50,1970,0.26,0.38,0.0,2.13,MS
0,2020,1.58,6.71,0.84,,MO
1,2019,1.69,7.06,0.83,19.38,MO
2,2018,1.81,7.43,0.85,20.48,MO
3,2017,1.88,8.11,0.87,18.07,MO
4,2016,1.89,7.35,0.89,15.9,MO
5,2015,1.93,8.69,0.88,17.9,MO
6,2014,2.02,8.92,0.88,25.42,MO
7,2013,1.93,8.8,0.9,26.27,MO
8,2012,1.89,8.71,0.92,26.51,MO
9,2011,1.74,9.64,0.72,26.15,MO
10,2010,1.61,9.64,0.67,20.52,MO
11,2009,1.56,10.48,0.59,17.19,MO
12,2008,1.54,11.66,0.47,24.15,MO
13,2007,1.35,11.27,0.47,19.78,MO
14,2006,1.14,12.11,0.42,17.79,MO
15,2005,1.04,11.28,0.42,15.76,MO
16,2004,0.95,9.59,0.43,12.35,MO
17,2003,0.93,8.45,0.41,10.48,MO
18,2002,0.92,6.77,0.39,9.11,MO
19,2001,0.98,8.83,0.38,9.64,MO
20,2000,0.93,6.65,0.41,10.48,MO
21,1999,0.94,5.31,0.47,7.55,MO
22,1998,0.94,5.49,0.49,6.93,MO
23,1997,0.96,5.79,0.47,8.3,MO
24,1996,0.97,5.29,0.47,8.31,MO
25,1995,1.01,4.36,0.48,7.32,MO
26,1994,1.12,4.86,0.49,7.18,MO
27,1993,1.25,4.88,0.56,7.22,MO
28,1992,1.34,4.6,0.58,7.37,MO
29,1991,1.34,4.52,0.71,7.62,MO
30,1990,1.35,4.69,0.74,8.0,MO
31,1989,1.35,4.51,0.71,6.86,MO
32,1988,1.37,4.37,0.73,6.25,MO
33,1987,1.4,4.28,0.52,6.36,MO
34,1986,1.46,4.52,0.82,5.89,MO
35,1985,1.51,4.94,0.82,7.94,MO
36,1984,1.5,5.35,0.78,8.01,MO
37,1983,1.5,5.56,0.0,8.15,MO
38,1982,1.45,4.8,0.0,8.85,MO
39,1981,1.38,3.65,0.0,9.19,MO
40,1980,1.22,2.95,0.0,8.11,MO
41,1979,1.1,2.52,0.0,5.73,MO
42,1978,1.05,1.95,0.0,4.15,MO
43,1977,0.81,1.84,0.0,4.15,MO
44,1976,0.7,1.37,0.0,3.87,MO
45,1975,0.62,1.16,0.0,3.67,MO
46,1974,0.48,0.89,0.0,3.42,MO
47,1973,0.37,0.78,0.0,2.39,MO
48,1972,0.33,0.75,0.0,2.12,MO
49,1971,0.31,0.67,0.0,2.13,MO
50,1970,0.29,0.64,0.0,1.99,MO
0,2020,2.28,6.12,0.0,,MT
1,2019,1.97,6.04,0.0,20.36,MT
2,2018,2.02,6.32,0.0,21.56,MT
3,2017,1.77,6.62,0.0,18.46,MT
4,2016,1.68,6.25,0.0,16.17,MT
5,2015,1.73,6.9,0.0,18.45,MT
6,2014,1.84,8.29,0.0,25.74,MT
7,2013,1.85,7.4,0.0,26.02,MT
8,2012,1.62,7.36,0.0,26.28,MT
9,2011,1.49,8.12,0.0,25.79,MT
10,2010,1.42,8.3,0.0,20.94,MT
11,2009,1.38,9.2,0.0,17.06,MT
12,2008,1.35,11.06,0.0,23.74,MT
13,2007,1.12,9.58,0.0,19.23,MT
14,2006,0.89,11.15,0.0,17.6,MT
15,2005,0.72,9.38,0.0,15.9,MT
16,2004,0.66,7.93,0.0,12.3,MT
17,2003,0.64,6.02,0.0,10.63,MT
18,2002,0.62,4.32,0.0,9.06,MT
19,2001,0.96,6.37,0.0,10.15,MT
20,2000,0.93,6.39,0.0,9.77,MT
21,1999,0.74,4.35,0.0,7.4,MT
22,1998,0.69,4.84,0.0,7.35,MT
23,1997,0.7,4.75,0.0,8.31,MT
24,1996,0.72,4.65,0.0,8.4,MT
25,1995,0.72,4.84,0.0,7.82,MT
26,1994,0.73,4.87,0.0,7.98,MT
27,1993,0.72,4.21,0.0,7.87,MT
28,1992,0.73,4.42,0.0,7.71,MT
29,1991,0.69,4.06,0.0,7.69,MT
30,1990,0.7,4.16,0.0,7.98,MT
31,1989,0.6,3.95,0.0,6.96,MT
32,1988,0.57,3.92,0.0,6.45,MT
33,1987,0.67,4.05,0.0,6.27,MT
34,1986,0.74,4.32,0.0,5.98,MT
35,1985,0.75,4.84,0.0,7.35,MT
36,1984,0.78,5.0,0.0,7.57,MT
37,1983,0.83,4.54,0.0,7.55,MT
38,1982,0.69,4.76,0.0,8.41,MT
39,1981,0.63,4.0,0.0,8.58,MT
40,1980,0.53,3.14,0.0,7.25,MT
41,1979,0.42,2.03,0.0,5.09,MT
42,1978,0.39,1.72,0.0,4.1,MT
43,1977,0.34,1.63,0.0,3.75,MT
44,1976,0.34,1.16,0.0,3.47,MT
45,1975,0.33,1.07,0.0,3.44,MT
46,1974,0.31,0.8,0.0,3.11,MT
47,1973,0.24,0.69,0.0,2.14,MT
48,1972,0.29,0.63,0.0,1.87,MT
49,1971,0.3,0.6,0.0,1.93,MT
50,1970,0.22,0.57,0.0,1.92,MT
0,2020,1.25,4.71,0.65,,NE
1,2019,1.24,5.01,0.69,20.46,NE
2,2018,1.29,5.46,0.75,21.59,NE
3,2017,1.4,5.49,0.76,18.7,NE
4,2016,1.37,4.82,0.68,16.43,NE
5,2015,1.37,5.55,0.72,18.87,NE
6,2014,1.43,6.52,0.77,26.87,NE
7,2013,1.44,5.78,0.84,27.61,NE
8,2012,1.57,5.44,0.77,28.06,NE
9,2011,1.53,6.55,0.69,27.71,NE
10,2010,1.44,6.87,0.65,21.76,NE
11,2009,1.35,7.08,0.56,18.14,NE
12,2008,0.95,9.64,0.48,25.34,NE
13,2007,0.92,8.98,0.46,21.27,NE
14,2006,0.84,9.31,0.47,19.19,NE
15,2005,0.73,9.3,0.43,16.69,NE
16,2004,0.68,7.68,0.44,13.01,NE
17,2003,0.62,6.8,0.43,10.87,NE
18,2002,0.6,5.14,0.44,9.66,NE
19,2001,0.59,7.18,0.44,10.36,NE
20,2000,0.59,5.41,0.61,10.83,NE
21,1999,0.59,4.12,0.6,7.67,NE
22,1998,0.62,4.04,0.61,7.14,NE
23,1997,0.62,4.79,0.64,8.45,NE
24,1996,0.74,4.22,0.64,8.73,NE
25,1995,0.77,3.89,0.68,8.01,NE
26,1994,0.8,4.19,0.73,7.88,NE
27,1993,0.78,4.25,0.64,7.94,NE
28,1992,0.78,4.1,0.57,7.97,NE
29,1991,0.77,3.93,0.62,8.18,NE
30,1990,0.78,3.93,0.61,8.42,NE
31,1989,0.85,3.84,0.65,7.33,NE
32,1988,0.87,3.81,0.63,6.41,NE
33,1987,0.98,3.71,0.64,6.78,NE
34,1986,1.08,4.08,0.64,6.55,NE
35,1985,1.18,4.43,0.65,8.23,NE
36,1984,1.31,4.46,0.57,8.27,NE
37,1983,1.25,4.42,0.62,8.24,NE
38,1982,1.21,3.83,0.68,8.95,NE
39,1981,1.21,3.11,0.55,9.65,NE
40,1980,1.27,2.4,0.44,8.29,NE
41,1979,1.21,1.83,0.29,5.77,NE
42,1978,1.18,1.5,0.2,4.24,NE
43,1977,1.07,1.35,0.2,4.19,NE
44,1976,0.96,1.08,0.2,3.94,NE
45,1975,0.86,0.9,0.17,3.75,NE
46,1974,0.6,0.72,0.16,3.36,NE
47,1973,0.43,0.63,0.17,2.44,NE
48,1972,0.41,0.62,0.0,2.14,NE
49,1971,0.41,0.55,0.0,2.14,NE
50,1970,0.33,0.5,0.0,2.12,NE
0,2020,2.52,4.39,0.0,,NV
1,2019,2.86,4.59,0.0,21.95,NV
2,2018,3.1,4.45,0.0,22.21,NV
3,2017,3.1,4.44,0.0,18.72,NV
4,2016,2.24,4.37,0.0,16.47,NV
5,2015,2.6,5.03,0.0,19.34,NV
6,2014,2.56,6.46,0.0,25.6,NV
7,2013,2.79,5.39,0.0,26.68,NV
8,2012,2.65,4.86,0.0,27.61,NV
9,2011,2.6,6.33,0.0,26.58,NV
10,2010,2.44,7.17,0.0,21.0,NV
11,2009,2.21,7.19,0.0,18.13,NV
12,2008,2.22,9.11,0.0,25.31,NV
13,2007,1.91,8.16,0.0,20.74,NV
14,2006,1.75,8.55,0.0,19.17,NV
15,2005,1.55,8.43,0.0,17.03,NV
16,2004,1.37,6.77,0.0,14.15,NV
17,2003,1.42,6.22,0.0,11.51,NV
18,2002,1.34,5.92,0.0,9.79,NV
19,2001,1.27,8.08,0.0,10.3,NV
20,2000,1.27,5.12,0.0,11.22,NV
21,1999,1.3,3.94,0.0,8.62,NV
22,1998,1.3,3.96,0.0,7.47,NV
23,1997,1.39,3.69,0.0,8.65,NV
24,1996,1.38,3.39,0.0,8.45,NV
25,1995,1.32,3.43,0.0,7.33,NV
26,1994,1.44,3.69,0.0,7.54,NV
27,1993,1.47,3.68,0.0,7.49,NV
28,1992,1.46,3.41,0.0,7.59,NV
29,1991,1.41,3.68,0.0,7.44,NV
30,1990,1.49,3.68,0.0,7.85,NV
31,1989,1.52,3.84,0.0,6.87,NV
32,1988,1.37,4.49,0.0,6.02,NV
33,1987,1.4,4.25,0.0,5.87,NV
34,1986,1.4,4.6,0.0,5.77,NV
35,1985,1.62,5.44,0.0,7.63,NV
36,1984,1.34,5.5,0.0,7.64,NV
37,1983,1.29,5.38,0.0,7.94,NV
38,1982,1.21,4.63,0.0,9.16,NV
39,1981,1.12,3.53,0.0,9.5,NV
40,1980,1.06,3.1,0.0,7.66,NV
41,1979,1.07,2.53,0.0,5.49,NV
42,1978,0.8,2.07,0.0,3.91,NV
43,1977,0.57,2.0,0.0,3.8,NV
44,1976,0.51,1.55,0.0,3.52,NV
45,1975,0.35,1.31,0.0,3.39,NV
46,1974,0.3,0.93,0.0,3.06,NV
47,1973,0.29,0.71,0.0,2.17,NV
48,1972,0.31,0.64,0.0,1.97,NV
49,1971,0.33,0.6,0.0,1.92,NV
50,1970,0.39,0.61,0.0,1.94,NV
0,2020,3.11,7.01,0.62,,NH
1,2019,3.35,9.85,0.65,20.72,NH
2,2018,3.87,9.42,0.68,21.96,NH
3,2017,4.34,7.74,0.71,19.47,NH
4,2016,4.07,6.9,0.71,17.62,NH
5,2015,3.87,7.94,0.72,19.64,NH
6,2014,4.27,9.25,0.72,27.33,NH
7,2013,4.21,10.18,0.77,27.98,NH
8,2012,4.07,7.37,0.73,28.68,NH
9,2011,3.55,7.98,0.67,27.56,NH
10,2010,3.8,8.07,0.64,21.84,NH
11,2009,3.66,8.6,0.55,18.59,NH
12,2008,3.53,12.83,0.48,24.78,NH
13,2007,2.9,10.21,0.46,20.36,NH
14,2006,2.56,9.71,0.42,18.59,NH
15,2005,2.44,10.44,0.41,15.2,NH
16,2004,2.02,8.72,0.41,11.98,NH
17,2003,1.7,7.62,0.42,10.4,NH
18,2002,1.8,7.99,0.44,9.56,NH
19,2001,1.67,9.63,0.44,10.21,NH
20,2000,1.49,7.57,0.41,10.66,NH
21,1999,1.52,6.29,0.5,7.55,NH
22,1998,1.61,6.61,0.44,7.05,NH
23,1997,1.64,6.91,0.47,8.2,NH
24,1996,1.61,6.35,0.42,8.23,NH
25,1995,1.59,5.48,0.54,7.62,NH
26,1994,1.53,6.37,0.52,7.05,NH
27,1993,1.65,6.56,0.57,7.01,NH
28,1992,1.73,6.3,0.95,7.09,NH
29,1991,1.8,6.12,0.84,7.26,NH
30,1990,1.81,6.38,1.03,7.25,NH
31,1989,1.75,6.06,0.0,6.4,NH
32,1988,1.79,5.5,0.0,5.81,NH
33,1987,1.93,5.75,0.0,5.92,NH
34,1986,2.01,6.53,0.0,5.45,NH
35,1985,2.02,6.44,0.0,7.77,NH
36,1984,2.02,6.38,0.0,7.41,NH
37,1983,1.94,6.85,0.0,7.81,NH
38,1982,1.9,6.25,0.0,8.32,NH
39,1981,1.72,5.17,0.0,8.62,NH
40,1980,1.6,4.27,0.0,7.28,NH
41,1979,1.53,3.63,0.0,5.21,NH
42,1978,1.48,3.32,0.0,3.85,NH
43,1977,1.33,3.35,0.0,3.68,NH
44,1976,1.26,2.58,0.0,3.3,NH
45,1975,1.22,2.24,0.0,3.23,NH
46,1974,0.82,1.97,0.0,3.07,NH
47,1973,0.51,1.81,0.0,1.94,NH
48,1972,0.49,1.79,0.0,1.7,NH
49,1971,0.45,1.67,0.0,1.69,NH
50,1970,0.37,1.65,0.0,1.6,NH
0,2020,2.82,6.34,0.63,,NJ
1,2019,3.07,6.47,0.66,20.02,NJ
2,2018,3.51,6.49,0.71,20.88,NJ
3,2017,3.17,6.28,0.73,18.59,NJ
4,2016,3.21,5.2,0.69,16.21,NJ
5,2015,3.82,5.97,0.72,18.47,NJ
6,2014,3.95,7.87,0.76,26.39,NJ
7,2013,3.87,7.86,0.8,26.76,NJ
8,2012,4.05,7.3,0.74,27.45,NJ
9,2011,4.18,8.7,0.68,26.67,NJ
10,2010,4.16,9.39,0.64,20.84,NJ
11,2009,4.01,10.11,0.56,16.54,NJ
12,2008,3.33,12.84,0.47,23.08,NJ
13,2007,2.89,11.34,0.46,18.16,NJ
14,2006,2.73,11.77,0.46,17.45,NJ
15,2005,2.18,10.04,0.42,15.07,NJ
16,2004,2.05,9.69,0.44,12.15,NJ
17,2003,1.8,7.69,0.41,10.21,NJ
18,2002,1.87,5.66,0.42,8.54,NJ
19,2001,2.27,6.36,0.45,8.99,NJ
20,2000,1.39,5.77,0.57,9.7,NJ
21,1999,1.45,4.45,0.45,7.08,NJ
22,1998,1.59,4.21,0.55,6.52,NJ
23,1997,1.76,5.24,0.59,7.61,NJ
24,1996,1.75,5.07,0.36,7.71,NJ
25,1995,1.78,4.47,0.63,6.85,NJ
26,1994,1.81,4.72,0.62,6.71,NJ
27,1993,1.75,4.66,0.58,6.61,NJ
28,1992,1.72,4.65,0.56,6.93,NJ
29,1991,1.76,4.71,0.61,7.06,NJ
30,1990,1.78,4.92,0.61,7.44,NJ
31,1989,1.75,5.03,0.66,6.44,NJ
32,1988,1.71,4.97,0.68,5.89,NJ
33,1987,1.75,5.04,0.81,5.89,NJ
34,1986,1.79,5.86,0.73,5.6,NJ
35,1985,1.91,6.18,0.71,7.51,NJ
36,1984,1.95,6.02,0.79,7.4,NJ
37,1983,1.95,5.93,0.7,7.5,NJ
38,1982,2.13,5.87,0.57,8.02,NJ
39,1981,2.06,5.01,0.33,8.54,NJ
40,1980,1.8,4.15,0.34,7.24,NJ
41,1979,1.67,3.71,0.32,5.13,NJ
42,1978,1.56,3.35,0.34,3.72,NJ
43,1977,1.45,3.02,0.29,3.64,NJ
44,1976,1.45,2.69,0.17,3.37,NJ
45,1975,1.58,2.29,0.18,3.33,NJ
46,1974,1.34,1.79,0.2,3.03,NJ
47,1973,0.67,1.52,0.15,1.76,NJ
48,1972,0.65,1.46,0.16,1.58,NJ
49,1971,0.56,1.35,0.15,1.6,NJ
50,1970,0.45,1.28,0.2,1.45,NJ
0,2020,2.55,3.27,0.0,,NM
1,2019,2.49,3.02,0.0,20.43,NM
2,2018,2.49,4.03,0.0,21.64,NM
3,2017,1.97,5.21,0.0,18.95,NM
4,2016,1.9,4.47,0.0,16.75,NM
5,2015,2.35,4.89,0.0,19.13,NM
6,2014,3.77,6.49,0.0,26.91,NM
7,2013,2.31,5.83,0.0,27.9,NM
8,2012,2.18,5.15,0.0,28.49,NM
9,2011,2.05,6.27,0.0,28.06,NM
10,2010,2.06,6.54,0.0,22.22,NM
11,2009,1.9,6.19,0.0,18.76,NM
12,2008,2.0,9.51,0.0,25.57,NM
13,2007,1.79,8.41,0.0,20.79,NM
14,2006,1.56,8.93,0.0,19.37,NM
15,2005,1.51,9.13,0.0,17.18,NM
16,2004,1.48,7.55,0.0,13.23,NM
17,2003,1.42,6.46,0.0,11.07,NM
18,2002,1.53,4.57,0.0,9.7,NM
19,2001,1.47,5.59,0.0,10.54,NM
20,2000,1.38,4.9,0.0,10.6,NM
21,1999,1.33,3.53,0.0,8.2,NM
22,1998,1.31,3.67,0.0,7.63,NM
23,1997,1.34,4.04,0.0,9.01,NM
24,1996,1.43,3.23,0.0,9.02,NM
25,1995,1.42,3.23,0.0,7.87,NM
26,1994,1.41,3.86,0.0,7.97,NM
27,1993,1.37,3.91,0.0,8.0,NM
28,1992,1.32,3.67,0.0,7.57,NM
29,1991,1.38,3.62,0.0,7.75,NM
30,1990,1.32,3.84,0.0,8.31,NM
31,1989,1.24,3.61,0.0,7.22,NM
32,1988,1.18,3.44,0.0,6.5,NM
33,1987,1.21,3.68,0.0,6.56,NM
34,1986,1.14,4.24,0.0,6.26,NM
35,1985,1.09,4.6,0.0,7.94,NM
36,1984,0.94,4.47,0.0,7.79,NM
37,1983,0.84,4.36,0.0,7.69,NM
38,1982,0.8,3.84,0.0,8.88,NM
39,1981,0.71,3.06,0.0,9.22,NM
40,1980,0.56,2.66,0.0,7.87,NM
41,1979,0.49,2.19,0.0,5.4,NM
42,1978,0.43,1.8,0.0,4.15,NM
43,1977,0.3,1.54,0.0,3.89,NM
44,1976,0.26,0.94,0.0,3.62,NM
45,1975,0.23,0.75,0.0,3.44,NM
46,1974,0.19,0.62,0.0,3.11,NM
47,1973,0.16,0.45,0.0,2.16,NM
48,1972,0.15,0.45,0.0,1.99,NM
49,1971,0.15,0.44,0.0,2.03,NM
50,1970,0.14,0.39,0.0,1.93,NM
0,2020,3.21,7.14,0.64,,NY
1,2019,3.02,7.77,0.67,19.72,NY
2,2018,3.69,7.89,0.71,20.82,NY
3,2017,3.53,7.42,0.74,17.96,NY
4,2016,2.96,6.24,0.69,15.66,NY
5,2015,3.38,6.94,0.72,18.22,NY
6,2014,3.38,8.53,0.76,25.85,NY
7,2013,3.44,8.22,0.8,26.76,NY
8,2012,3.65,7.5,0.74,27.51,NY
9,2011,3.58,9.1,0.68,26.41,NY
10,2010,3.24,9.7,0.64,20.49,NY
11,2009,2.89,10.2,0.56,17.23,NY
12,2008,2.7,13.2,0.48,24.15,NY
13,2007,2.47,11.57,0.46,19.12,NY
14,2006,2.46,11.22,0.49,17.75,NY
15,2005,2.15,11.87,0.44,14.56,NY
16,2004,1.78,9.75,0.44,11.65,NY
17,2003,1.62,8.82,0.41,10.13,NY
18,2002,1.59,6.54,0.4,8.91,NY
19,2001,1.47,8.24,0.41,9.23,NY
20,2000,1.52,7.18,0.48,10.0,NY
21,1999,1.46,5.28,0.51,7.46,NY
22,1998,1.44,5.52,0.51,6.75,NY
23,1997,1.49,5.9,0.47,8.12,NY
24,1996,1.49,6.02,0.53,8.06,NY
25,1995,1.49,5.04,0.54,7.71,NY
26,1994,1.52,5.81,0.53,7.29,NY
27,1993,1.55,5.78,0.57,7.14,NY
28,1992,1.55,5.34,0.45,7.2,NY
29,1991,1.64,5.12,0.55,7.18,NY
30,1990,1.65,5.23,0.65,7.14,NY
31,1989,1.62,5.38,0.65,6.01,NY
32,1988,1.61,5.09,0.57,5.4,NY
33,1987,1.6,5.06,0.63,5.7,NY
34,1986,1.7,5.65,0.61,5.4,NY
35,1985,1.8,5.94,0.67,7.4,NY
36,1984,1.88,6.1,0.64,7.39,NY
37,1983,1.88,6.38,0.56,7.44,NY
38,1982,2.05,5.46,0.6,7.86,NY
39,1981,1.97,4.67,0.56,8.3,NY
40,1980,1.77,4.1,0.56,6.93,NY
41,1979,1.68,3.51,0.47,4.89,NY
42,1978,1.61,3.25,0.39,3.45,NY
43,1977,1.52,2.9,0.36,3.35,NY
44,1976,1.56,2.47,0.35,3.07,NY
45,1975,1.52,2.16,0.31,2.96,NY
46,1974,1.29,1.64,0.33,2.8,NY
47,1973,0.66,1.34,0.25,1.7,NY
48,1972,0.61,1.28,0.26,1.51,NY
49,1971,0.6,1.16,0.23,1.45,NY
50,1970,0.51,1.07,0.2,1.36,NY
0,2020,2.6,5.45,0.6,,NC
1,2019,2.85,5.64,0.6,20.0,NC
2,2018,3.18,5.99,0.62,21.25,NC
3,2017,3.01,6.01,0.67,18.84,NC
4,2016,3.14,5.3,0.63,16.89,NC
5,2015,3.51,6.18,0.63,19.06,NC
6,2014,3.6,7.69,0.66,26.89,NC
7,2013,3.81,6.98,0.65,27.77,NC
8,2012,3.79,6.69,0.59,28.2,NC
9,2011,3.65,8.38,0.58,27.88,NC
10,2010,3.54,9.12,0.53,21.87,NC
11,2009,3.62,10.43,0.5,18.58,NC
12,2008,3.28,13.23,0.43,25.89,NC
13,2007,2.75,11.29,0.41,20.81,NC
14,2006,2.7,12.36,0.43,19.19,NC
15,2005,2.41,12.2,0.41,16.75,NC
16,2004,2.01,9.11,0.42,13.17,NC
17,2003,1.79,8.25,0.43,11.08,NC
18,2002,1.76,6.07,0.44,9.69,NC
19,2001,1.6,8.56,0.43,10.1,NC
20,2000,1.44,6.69,0.3,10.59,NC
21,1999,1.45,5.15,0.44,7.87,NC
22,1998,1.46,5.3,0.45,7.28,NC
23,1997,1.45,5.93,0.47,8.5,NC
24,1996,1.51,5.42,0.47,8.43,NC
25,1995,1.64,4.53,0.51,7.76,NC
26,1994,1.69,4.84,0.49,7.75,NC
27,1993,1.7,4.79,0.48,7.7,NC
28,1992,1.73,4.28,0.51,7.89,NC
29,1991,1.77,4.08,0.52,8.3,NC
30,1990,1.78,4.19,0.54,8.5,NC
31,1989,1.77,4.56,0.55,7.16,NC
32,1988,1.77,4.46,0.59,6.4,NC
33,1987,1.79,4.66,0.56,6.55,NC
34,1986,1.85,4.77,0.53,6.16,NC
35,1985,1.97,5.29,0.54,8.12,NC
36,1984,1.95,5.59,0.58,8.01,NC
37,1983,1.88,5.5,0.44,8.21,NC
38,1982,1.89,4.85,0.41,9.29,NC
39,1981,1.74,4.59,0.37,9.64,NC
40,1980,1.58,3.55,0.36,8.16,NC
41,1979,1.47,2.91,0.37,5.63,NC
42,1978,1.41,2.58,0.43,4.23,NC
43,1977,1.26,2.7,0.47,4.0,NC
44,1976,1.12,1.88,0.32,3.82,NC
45,1975,1.12,1.57,0.29,3.69,NC
46,1974,1.1,1.07,0.0,3.29,NC
47,1973,0.5,0.87,0.0,2.18,NC
48,1972,0.46,0.81,0.0,1.98,NC
49,1971,0.47,0.74,0.0,2.02,NC
50,1970,0.43,0.69,0.0,1.94,NC
0,2020,1.55,3.29,0.0,,ND
1,2019,1.57,3.84,0.0,20.29,ND
2,2018,1.48,4.19,0.0,21.49,ND
3,2017,1.51,4.36,0.0,18.39,ND
4,2016,1.62,3.64,0.0,16.24,ND
5,2015,1.66,4.96,0.0,18.68,ND
6,2014,1.55,6.33,0.0,26.44,ND
7,2013,1.52,5.15,0.0,27.14,ND
8,2012,1.48,5.16,0.0,27.97,ND
9,2011,1.43,5.8,0.0,27.19,ND
10,2010,1.22,6.04,0.0,21.4,ND
11,2009,1.13,6.55,0.0,18.02,ND
12,2008,1.05,8.83,0.0,25.56,ND
13,2007,0.96,7.57,0.0,21.02,ND
14,2006,0.88,8.38,0.0,18.05,ND
15,2005,0.82,10.0,0.0,15.98,ND
16,2004,0.78,7.28,0.0,12.65,ND
17,2003,0.75,5.85,0.0,10.85,ND
18,2002,0.74,4.6,0.0,9.49,ND
19,2001,0.73,6.24,0.0,10.22,ND
20,2000,0.73,5.17,0.0,10.61,ND
21,1999,0.73,3.81,0.0,7.61,ND
22,1998,0.76,3.68,0.0,7.13,ND
23,1997,0.77,3.73,0.0,8.05,ND
24,1996,0.74,3.77,0.0,8.49,ND
25,1995,0.75,3.81,0.0,7.62,ND
26,1994,0.71,4.29,0.0,7.4,ND
27,1993,0.71,4.41,0.0,7.61,ND
28,1992,0.72,4.24,0.0,7.34,ND
29,1991,0.71,4.15,0.0,7.86,ND
30,1990,0.67,4.12,0.0,8.14,ND
31,1989,0.69,4.07,0.0,7.0,ND
32,1988,0.68,4.34,0.0,6.48,ND
33,1987,0.74,4.65,0.0,6.34,ND
34,1986,0.79,4.73,0.0,5.96,ND
35,1985,0.82,4.97,0.0,7.91,ND
36,1984,0.93,5.52,0.0,7.92,ND
37,1983,0.93,5.04,0.0,7.9,ND
38,1982,0.92,4.24,0.0,8.54,ND
39,1981,0.78,3.81,0.0,8.86,ND
40,1980,0.68,3.41,0.0,7.78,ND
41,1979,0.57,2.66,0.0,5.64,ND
42,1978,0.51,2.12,0.0,4.33,ND
43,1977,0.5,1.86,0.0,4.18,ND
44,1976,0.4,1.53,0.0,3.86,ND
45,1975,0.42,1.26,0.0,3.58,ND
46,1974,0.27,1.03,0.0,3.16,ND
47,1973,0.21,0.93,0.0,2.22,ND
48,1972,0.33,0.88,0.0,1.81,ND
49,1971,0.32,0.85,0.0,1.92,ND
50,1970,0.35,0.78,0.0,1.84,ND
0,2020,2.25,5.08,0.64,,OH
1,2019,2.39,5.51,0.67,20.61,OH
2,2018,2.16,5.83,0.72,21.27,OH
3,2017,2.19,6.2,0.74,18.96,OH
4,2016,2.27,5.24,0.68,16.94,OH
5,2015,2.4,5.8,0.72,19.11,OH
6,2014,2.43,7.33,0.77,27.02,OH
7,2013,2.58,6.6,0.8,27.6,OH
8,2012,2.89,6.42,0.75,27.92,OH
9,2011,2.77,8.08,0.69,27.42,OH
10,2010,2.5,8.72,0.65,21.54,OH
11,2009,2.58,10.1,0.56,18.0,OH
12,2008,2.21,12.88,0.48,24.79,OH
13,2007,1.84,11.41,0.41,20.58,OH
14,2006,1.82,12.33,0.39,18.86,OH
15,2005,1.63,11.49,0.37,16.64,OH
16,2004,1.39,9.11,0.39,13.04,OH
17,2003,1.25,8.2,0.4,11.12,OH
18,2002,1.23,6.31,0.41,9.68,OH
19,2001,1.34,7.96,0.41,10.14,OH
20,2000,1.46,6.29,0.46,10.73,OH
21,1999,1.38,4.99,0.48,8.31,OH
22,1998,1.38,5.24,0.55,7.76,OH
23,1997,1.34,5.69,0.66,8.68,OH
24,1996,1.36,4.94,0.87,8.85,OH
25,1995,1.43,4.59,1.0,8.26,OH
26,1994,1.45,5.06,1.06,8.12,OH
27,1993,1.43,5.04,1.07,8.15,OH
28,1992,1.46,4.55,1.12,8.09,OH
29,1991,1.49,4.53,1.14,8.42,OH
30,1990,1.54,4.54,1.24,8.57,OH
31,1989,1.51,4.65,1.32,7.48,OH
32,1988,1.53,4.55,1.33,6.96,OH
33,1987,1.56,4.7,0.73,6.93,OH
34,1986,1.66,5.11,0.72,6.62,OH
35,1985,1.71,5.32,1.09,8.74,OH
36,1984,1.73,5.44,0.67,8.53,OH
37,1983,1.74,5.5,0.61,8.63,OH
38,1982,1.8,4.56,0.53,9.01,OH
39,1981,1.76,3.64,0.44,9.11,OH
40,1980,1.56,3.27,0.28,7.8,OH
41,1979,1.44,2.53,0.25,5.66,OH
42,1978,1.37,2.19,0.27,4.23,OH
43,1977,1.16,2.03,0.19,4.13,OH
44,1976,1.11,1.56,0.0,3.89,OH
45,1975,1.14,1.3,0.0,3.83,OH
46,1974,1.0,1.01,0.0,3.6,OH
47,1973,0.5,0.88,0.0,2.37,OH
48,1972,0.45,0.84,0.0,2.3,OH
49,1971,0.4,0.79,0.0,2.3,OH
50,1970,0.36,0.74,0.0,2.2,OH
0,2020,1.77,3.2,0.0,,OK
1,2019,1.85,3.48,0.0,19.72,OK
2,2018,1.84,3.71,0.0,20.66,OK
3,2017,1.89,4.37,0.0,17.9,OK
4,2016,1.97,3.79,0.0,15.95,OK
5,2015,2.02,5.44,0.0,18.31,OK
6,2014,2.02,6.94,0.0,25.75,OK
7,2013,2.07,5.9,0.0,26.61,OK
8,2012,2.01,5.3,0.0,26.97,OK
9,2011,1.8,6.27,0.0,26.57,OK
10,2010,1.76,6.73,0.0,20.81,OK
11,2009,1.7,7.52,0.0,17.25,OK
12,2008,1.35,10.1,0.0,25.0,OK
13,2007,1.2,8.09,0.0,20.25,OK
14,2006,1.13,8.29,0.0,18.37,OK
15,2005,1.04,8.98,0.0,16.11,OK
16,2004,1.05,7.54,0.0,12.32,OK
17,2003,1.0,6.7,0.0,10.31,OK
18,2002,0.95,5.17,0.0,8.96,OK
19,2001,0.92,6.67,0.0,9.43,OK
20,2000,0.97,5.31,0.0,10.18,OK
21,1999,0.93,3.62,0.0,7.8,OK
22,1998,0.93,3.6,0.0,6.97,OK
23,1997,0.95,4.19,0.0,8.29,OK
24,1996,0.99,3.63,0.0,8.35,OK
25,1995,1.03,2.93,0.0,7.54,OK
26,1994,1.04,3.0,0.0,7.18,OK
27,1993,1.25,3.17,0.0,7.3,OK
28,1992,1.24,3.02,0.0,7.18,OK
29,1991,1.32,2.78,0.0,7.62,OK
30,1990,1.4,2.8,0.0,8.06,OK
31,1989,1.36,2.86,0.0,6.85,OK
32,1988,1.48,2.8,0.0,6.32,OK
33,1987,1.58,2.76,0.0,6.54,OK
34,1986,1.65,3.11,0.0,6.12,OK
35,1985,1.69,3.41,0.0,7.81,OK
36,1984,1.73,3.28,0.0,7.87,OK
37,1983,1.74,3.05,0.0,7.93,OK
38,1982,1.66,2.66,0.0,8.92,OK
39,1981,1.46,2.27,0.0,9.29,OK
40,1980,1.24,1.96,0.0,8.17,OK
41,1979,1.22,1.84,0.0,5.81,OK
42,1978,1.14,1.52,0.0,4.38,OK
43,1977,1.14,1.38,0.0,4.17,OK
44,1976,1.31,1.06,0.0,3.83,OK
45,1975,0.96,0.75,0.0,3.59,OK
46,1974,0.81,0.53,0.0,3.22,OK
47,1973,0.36,0.42,0.0,2.26,OK
48,1972,0.5,0.38,0.0,2.0,OK
49,1971,0.66,0.36,0.0,2.04,OK
50,1970,0.65,0.35,0.0,2.02,OK
0,2020,2.23,4.64,0.0,,OR
1,2019,2.32,4.5,0.0,24.03,OR
2,2018,2.43,4.77,0.0,24.29,OR
3,2017,2.37,5.3,0.0,20.85,OR
4,2016,2.25,5.33,0.0,18.48,OR
5,2015,2.46,5.94,0.0,21.24,OR
6,2014,2.55,6.73,0.0,27.54,OR
7,2013,2.01,6.23,0.0,28.32,OR
8,2012,1.97,6.2,0.0,29.22,OR
9,2011,1.84,7.45,0.0,27.98,OR
10,2010,1.71,7.09,0.0,22.36,OR
11,2009,1.8,8.21,0.0,18.82,OR
12,2008,1.49,9.09,0.0,25.92,OR
13,2007,1.42,8.97,0.0,21.01,OR
14,2006,1.37,9.26,0.0,19.12,OR
15,2005,1.28,8.32,0.0,16.77,OR
16,2004,1.21,6.93,0.0,13.62,OR
17,2003,1.27,6.27,0.0,11.49,OR
18,2002,1.34,6.63,0.0,9.76,OR
19,2001,1.11,5.96,0.0,10.76,OR
20,2000,1.07,4.94,0.0,11.07,OR
21,1999,1.08,4.1,0.0,8.72,OR
22,1998,1.11,3.73,0.0,7.46,OR
23,1997,1.27,3.49,0.0,8.97,OR
24,1996,1.17,3.63,0.0,9.13,OR
25,1995,1.25,3.93,0.0,8.28,OR
26,1994,1.15,4.11,0.0,8.02,OR
27,1993,1.2,4.12,0.0,8.08,OR
28,1992,1.18,3.84,0.53,7.67,OR
29,1991,1.17,3.99,0.43,7.55,OR
30,1990,1.22,4.28,0.44,7.9,OR
31,1989,1.76,4.17,0.46,6.99,OR
32,1988,2.42,4.8,0.46,6.16,OR
33,1987,2.43,4.55,0.45,6.1,OR
34,1986,2.42,4.94,0.52,5.89,OR
35,1985,2.16,5.6,0.54,7.77,OR
36,1984,2.15,5.8,0.58,7.68,OR
37,1983,1.99,5.93,0.64,7.81,OR
38,1982,1.96,5.91,0.61,8.41,OR
39,1981,1.76,4.92,0.47,8.74,OR
40,1980,1.71,4.69,0.36,7.84,OR
41,1979,2.07,3.22,0.3,5.52,OR
42,1978,1.71,2.87,0.19,4.1,OR
43,1977,1.52,2.38,0.22,3.87,OR
44,1976,1.36,2.03,0.21,3.62,OR
45,1975,1.04,1.44,0.2,3.48,OR
46,1974,0.74,1.22,0.0,3.11,OR
47,1973,0.62,0.98,0.0,2.08,OR
48,1972,0.59,0.94,0.0,1.86,OR
49,1971,0.53,0.87,0.0,1.91,OR
50,1970,0.59,0.81,0.0,1.88,OR
0,2020,2.41,4.75,0.64,,PA
1,2019,2.68,5.85,0.68,21.48,PA
2,2018,2.63,6.55,0.73,22.64,PA
3,2017,2.35,6.09,0.74,20.14,PA
4,2016,2.23,5.26,0.68,17.56,PA
5,2015,2.65,6.38,0.71,19.98,PA
6,2014,2.89,8.19,0.78,27.76,PA
7,2013,2.98,7.63,0.82,28.52,PA
8,2012,3.0,7.09,0.75,29.27,PA
9,2011,3.04,8.51,0.69,28.43,PA
10,2010,2.75,8.73,0.65,22.41,PA
11,2009,2.56,9.75,0.57,18.97,PA
12,2008,2.41,13.09,0.47,25.77,PA
13,2007,1.98,11.45,0.44,20.79,PA
14,2006,1.94,12.89,0.4,19.07,PA
15,2005,1.79,12.19,0.37,16.24,PA
16,2004,1.52,10.03,0.36,12.88,PA
17,2003,1.33,9.06,0.38,10.93,PA
18,2002,1.36,7.37,0.4,9.52,PA
19,2001,1.31,9.33,0.37,9.9,PA
20,2000,1.23,6.81,0.48,10.58,PA
21,1999,1.34,6.11,0.51,8.12,PA
22,1998,1.38,6.17,0.53,7.37,PA
23,1997,1.42,6.43,0.52,8.63,PA
24,1996,1.44,5.71,0.55,8.6,PA
25,1995,1.43,5.35,0.56,7.96,PA
26,1994,1.49,5.65,0.62,7.62,PA
27,1993,1.49,5.27,0.66,7.59,PA
28,1992,1.53,5.18,0.68,7.88,PA
29,1991,1.57,5.36,0.77,8.03,PA
30,1990,1.56,5.28,0.83,8.02,PA
31,1989,1.49,4.93,0.88,6.68,PA
32,1988,1.49,4.7,0.84,6.11,PA
33,1987,1.48,4.84,0.78,6.17,PA
34,1986,1.54,5.38,0.78,5.94,PA
35,1985,1.63,5.74,0.92,8.08,PA
36,1984,1.7,5.74,0.88,8.08,PA
37,1983,1.65,5.68,0.89,8.08,PA
38,1982,1.78,4.85,0.67,8.67,PA
39,1981,1.78,4.02,0.53,8.98,PA
40,1980,1.58,3.37,0.42,7.73,PA
41,1979,1.45,2.81,0.32,5.42,PA
42,1978,1.46,2.31,0.27,3.87,PA
43,1977,1.25,2.2,0.26,3.84,PA
44,1976,1.24,1.72,0.24,3.56,PA
45,1975,1.2,1.53,0.25,3.47,PA
46,1974,1.03,1.26,0.25,3.18,PA
47,1973,0.53,1.07,0.15,2.01,PA
48,1972,0.47,0.99,0.16,1.86,PA
49,1971,0.43,0.93,0.15,1.84,PA
50,1970,0.39,0.87,0.21,1.73,PA
0,2020,0.0,6.69,0.0,,RI
1,2019,0.0,7.57,0.0,21.26,RI
2,2018,0.0,8.02,0.0,22.31,RI
3,2017,0.0,7.02,0.0,19.57,RI
4,2016,0.0,6.94,0.0,17.43,RI
5,2015,0.0,7.46,0.0,19.72,RI
6,2014,0.0,9.68,0.0,27.71,RI
7,2013,0.0,8.67,0.0,28.49,RI
8,2012,0.0,6.88,0.0,29.41,RI
9,2011,0.0,8.02,0.0,28.06,RI
10,2010,0.0,8.92,0.0,22.29,RI
11,2009,0.0,8.96,0.0,18.66,RI
12,2008,0.0,12.34,0.0,24.9,RI
13,2007,3.75,10.76,0.0,21.62,RI
14,2006,3.68,11.17,0.0,19.78,RI
15,2005,3.3,11.28,0.0,16.68,RI
16,2004,2.66,9.42,0.0,13.35,RI
17,2003,2.52,8.46,0.0,11.51,RI
18,2002,2.62,6.68,0.0,10.08,RI
19,2001,2.28,6.11,0.0,10.64,RI
20,2000,2.23,6.11,0.0,11.17,RI
21,1999,2.52,4.59,0.0,8.47,RI
22,1998,2.49,4.6,0.0,7.93,RI
23,1997,2.71,4.9,0.0,9.09,RI
24,1996,2.53,4.07,0.0,9.07,RI
25,1995,2.49,4.15,0.0,8.32,RI
26,1994,2.51,4.63,0.0,7.83,RI
27,1993,2.62,4.75,0.0,7.86,RI
28,1992,2.87,4.41,0.0,7.71,RI
29,1991,2.93,4.81,0.0,8.49,RI
30,1990,2.9,5.49,0.0,8.25,RI
31,1989,2.64,6.21,0.0,7.17,RI
32,1988,2.53,5.94,0.0,6.36,RI
33,1987,2.64,5.49,0.0,6.4,RI
34,1986,2.59,6.77,0.0,6.0,RI
35,1985,2.62,6.66,0.0,7.65,RI
36,1984,2.74,6.39,0.0,7.9,RI
37,1983,2.46,7.09,0.0,8.15,RI
38,1982,2.6,7.0,0.0,8.49,RI
39,1981,2.33,5.77,0.0,8.96,RI
40,1980,1.92,5.09,0.0,7.59,RI
41,1979,1.78,3.22,0.0,5.53,RI
42,1978,2.07,3.67,0.0,3.83,RI
43,1977,2.27,3.64,0.0,3.59,RI
44,1976,1.97,3.02,0.0,3.29,RI
45,1975,2.64,2.74,0.0,3.17,RI
46,1974,1.41,2.16,0.0,2.89,RI
47,1973,1.46,2.01,0.0,1.73,RI
48,1972,1.23,1.79,0.0,1.55,RI
49,1971,0.99,1.46,0.0,1.52,RI
50,1970,0.94,1.38,0.0,1.41,RI
0,2020,3.15,4.34,0.61,,SC
1,2019,3.22,4.83,0.62,19.14,SC
2,2018,3.34,5.62,0.65,20.08,SC
3,2017,3.31,5.35,0.7,17.95,SC
4,2016,3.21,4.87,0.68,16.02,SC
5,2015,3.57,5.07,0.66,17.93,SC
6,2014,3.65,6.84,0.64,25.48,SC
7,2013,3.76,6.22,0.68,26.31,SC
8,2012,3.98,5.14,0.63,26.42,SC
9,2011,3.85,6.18,0.58,25.83,SC
10,2010,3.7,6.96,0.55,20.17,SC
11,2009,3.64,6.95,0.47,16.29,SC
12,2008,2.92,11.85,0.4,24.08,SC
13,2007,2.38,10.05,0.38,19.05,SC
14,2006,2.4,10.24,0.39,17.35,SC
15,2005,2.23,11.07,0.4,15.3,SC
16,2004,1.94,8.42,0.4,11.99,SC
17,2003,1.65,7.74,0.41,10.28,SC
18,2002,1.63,5.13,0.41,9.12,SC
19,2001,1.61,7.02,0.41,9.31,SC
20,2000,1.42,5.98,0.42,10.08,SC
21,1999,1.46,4.49,0.43,7.43,SC
22,1998,1.49,4.38,0.42,6.81,SC
23,1997,1.49,4.76,0.43,7.99,SC
24,1996,1.51,4.71,0.49,8.1,SC
25,1995,1.55,4.06,0.51,7.56,SC
26,1994,1.6,4.22,0.53,7.37,SC
27,1993,1.6,4.19,0.5,7.13,SC
28,1992,1.56,3.96,0.5,7.39,SC
29,1991,1.64,3.66,0.52,7.75,SC
30,1990,1.72,4.01,0.53,8.01,SC
31,1989,1.71,4.22,0.58,6.96,SC
32,1988,1.74,4.25,0.59,6.29,SC
33,1987,1.73,4.6,0.64,6.39,SC
34,1986,1.82,4.4,0.61,6.05,SC
35,1985,1.88,5.06,0.62,8.02,SC
36,1984,1.96,5.32,0.61,8.0,SC
37,1983,1.94,5.12,0.5,8.19,SC
38,1982,1.93,4.52,0.48,9.22,SC
39,1981,1.82,3.9,0.45,9.48,SC
40,1980,1.59,3.07,0.44,8.09,SC
41,1979,1.49,2.62,0.36,5.59,SC
42,1978,1.43,2.2,0.32,3.96,SC
43,1977,1.28,1.97,0.27,3.78,SC
44,1976,1.11,1.53,0.2,3.57,SC
45,1975,1.24,1.16,0.19,3.43,SC
46,1974,1.35,0.95,0.17,3.18,SC
47,1973,0.54,0.8,0.18,2.17,SC
48,1972,0.5,0.72,0.18,2.06,SC
49,1971,0.52,0.63,0.19,2.0,SC
50,1970,0.47,0.57,0.19,1.89,SC
0,2020,1.91,4.44,0.0,,SD
1,2019,1.84,4.72,0.0,20.31,SD
2,2018,1.91,5.05,0.0,21.5,SD
3,2017,2.21,5.34,0.0,18.7,SD
4,2016,2.27,4.86,0.0,16.48,SD
5,2015,2.26,5.48,0.0,18.93,SD
6,2014,2.17,7.07,0.0,26.89,SD
7,2013,2.08,6.04,0.0,27.44,SD
8,2012,2.25,5.87,0.0,27.98,SD
9,2011,2.15,6.77,0.0,27.52,SD
10,2010,1.99,6.63,0.0,21.56,SD
11,2009,1.81,6.96,0.0,18.12,SD
12,2008,1.8,9.57,0.0,24.77,SD
13,2007,1.66,8.91,0.0,20.71,SD
14,2006,1.6,9.86,0.0,18.47,SD
15,2005,1.49,9.84,0.0,15.97,SD
16,2004,1.42,7.92,0.0,12.95,SD
17,2003,1.38,7.11,0.0,10.9,SD
18,2002,1.28,5.53,0.0,9.66,SD
19,2001,1.04,7.13,0.0,10.45,SD
20,2000,1.06,6.11,0.0,10.58,SD
21,1999,1.04,4.65,0.0,7.63,SD
22,1998,1.01,4.37,0.0,7.24,SD
23,1997,0.99,4.79,0.0,8.59,SD
24,1996,1.04,4.39,0.0,8.43,SD
25,1995,1.08,4.17,0.0,7.61,SD
26,1994,1.12,4.57,0.0,7.5,SD
27,1993,1.07,4.6,0.0,7.59,SD
28,1992,1.2,4.44,0.0,7.49,SD
29,1991,1.11,4.21,0.0,7.7,SD
30,1990,1.22,4.41,0.0,8.1,SD
31,1989,1.31,4.12,0.0,7.31,SD
32,1988,1.27,4.18,0.0,6.23,SD
33,1987,1.41,4.27,0.0,6.3,SD
34,1986,1.37,4.62,0.0,6.11,SD
35,1985,1.37,5.01,0.0,8.08,SD
36,1984,1.31,5.53,0.0,8.1,SD
37,1983,1.27,5.08,0.0,8.26,SD
38,1982,1.25,4.35,0.0,8.89,SD
39,1981,1.06,3.55,0.0,9.38,SD
40,1980,0.84,2.83,0.0,8.19,SD
41,1979,0.69,2.39,0.0,5.92,SD
42,1978,0.68,1.86,0.0,4.43,SD
43,1977,0.64,1.5,0.0,4.32,SD
44,1976,0.59,1.18,0.0,3.97,SD
45,1975,0.53,1.04,0.0,3.77,SD
46,1974,0.6,1.05,0.0,3.41,SD
47,1973,0.42,0.81,0.0,2.36,SD
48,1972,0.46,0.77,0.0,1.9,SD
49,1971,0.44,0.75,0.0,2.03,SD
50,1970,0.44,0.69,0.0,2.05,SD
0,2020,2.16,4.88,0.62,,TN
1,2019,2.34,5.32,0.65,19.69,TN
2,2018,2.31,5.72,0.68,20.74,TN
3,2017,2.38,5.92,0.71,18.09,TN
4,2016,2.37,5.2,0.71,15.92,TN
5,2015,2.58,5.98,0.72,18.26,TN
6,2014,2.64,7.47,0.72,26.08,TN
7,2013,2.63,6.83,0.77,27.1,TN
8,2012,2.85,6.01,0.73,27.56,TN
9,2011,2.96,7.61,0.67,26.97,TN
10,2010,2.75,8.13,0.64,21.18,TN
11,2009,2.66,9.41,0.55,17.5,TN
12,2008,2.35,12.01,0.47,24.52,TN
13,2007,1.99,10.73,0.35,19.65,TN
14,2006,1.79,11.63,0.41,17.85,TN
15,2005,1.64,11.32,0.34,15.81,TN
16,2004,1.4,8.63,0.34,12.39,TN
17,2003,1.29,7.64,0.36,10.3,TN
18,2002,1.25,6.39,0.37,9.02,TN
19,2001,1.26,8.05,0.39,9.33,TN
20,2000,1.13,5.87,0.43,10.01,TN
21,1999,1.17,4.65,0.44,7.7,TN
22,1998,1.17,4.83,0.65,7.13,TN
23,1997,1.17,5.12,0.48,8.49,TN
24,1996,1.18,4.84,0.47,8.63,TN
25,1995,1.19,4.23,0.58,7.87,TN
26,1994,1.28,4.66,1.0,7.75,TN
27,1993,1.28,4.48,0.95,7.81,TN
28,1992,1.3,4.14,0.94,7.87,TN
29,1991,1.28,3.91,0.85,8.11,TN
30,1990,1.35,3.98,0.84,8.43,TN
31,1989,1.36,3.87,0.89,7.33,TN
32,1988,1.35,3.75,0.83,6.73,TN
33,1987,1.38,3.69,0.0,6.74,TN
34,1986,1.44,4.2,0.0,6.5,TN
35,1985,1.55,4.46,0.78,7.9,TN
36,1984,1.62,4.4,0.65,7.92,TN
37,1983,1.69,4.62,0.5,8.17,TN
38,1982,1.74,4.04,0.4,9.19,TN
39,1981,1.71,3.24,0.42,9.73,TN
40,1980,1.54,2.69,0.38,8.45,TN
41,1979,1.36,2.17,0.0,5.87,TN
42,1978,1.22,1.77,0.0,4.31,TN
43,1977,1.06,1.69,0.0,4.12,TN
44,1976,0.93,1.29,0.0,3.85,TN
45,1975,0.91,0.93,0.0,3.79,TN
46,1974,0.58,0.77,0.0,3.36,TN
47,1973,0.4,0.65,0.0,2.35,TN
48,1972,0.38,0.65,0.0,2.16,TN
49,1971,0.35,0.59,0.0,2.17,TN
50,1970,0.26,0.54,0.0,2.11,TN
0,2020,2.05,2.88,0.62,,TX
1,2019,2.01,3.22,0.65,14.78,TX
2,2018,1.78,3.89,0.68,16.75,TX
3,2017,1.76,3.91,0.71,14.65,TX
4,2016,1.83,3.27,0.71,12.46,TX
5,2015,2.0,3.48,0.72,14.1,TX
6,2014,2.03,5.21,0.72,21.65,TX
7,2013,2.0,4.47,0.77,22.1,TX
8,2012,1.91,3.52,0.73,22.91,TX
9,2011,1.9,4.73,0.67,24.4,TX
10,2010,1.87,5.18,0.64,19.08,TX
11,2009,1.89,4.65,0.55,15.63,TX
12,2008,1.9,9.16,0.48,23.43,TX
13,2007,1.65,7.11,0.46,18.36,TX
14,2006,1.51,7.0,0.38,16.6,TX
15,2005,1.35,8.11,0.38,14.23,TX
16,2004,1.32,6.13,0.36,11.1,TX
17,2003,1.26,5.63,0.37,8.97,TX
18,2002,1.28,3.66,0.35,7.45,TX
19,2001,1.33,4.64,0.41,7.97,TX
20,2000,1.23,4.29,0.45,8.66,TX
21,1999,1.21,2.73,0.5,6.09,TX
22,1998,1.25,2.54,0.52,5.24,TX
23,1997,1.26,3.05,0.54,6.55,TX
24,1996,1.29,2.78,0.56,7.03,TX
25,1995,1.33,2.23,0.56,6.16,TX
26,1994,1.34,2.5,0.6,6.05,TX
27,1993,1.42,2.78,0.69,5.78,TX
28,1992,1.48,2.45,0.52,5.87,TX
29,1991,1.49,2.28,0.49,6.12,TX
30,1990,1.44,2.45,0.56,6.43,TX
31,1989,1.44,2.5,0.42,5.17,TX
32,1988,1.47,2.44,0.37,5.0,TX
33,1987,1.54,2.38,0.0,5.28,TX
34,1986,1.55,2.62,0.0,4.92,TX
35,1985,1.6,3.38,0.0,6.69,TX
36,1984,1.68,3.68,0.0,7.17,TX
37,1983,1.68,3.53,0.0,7.23,TX
38,1982,1.61,3.44,0.0,7.64,TX
39,1981,1.47,2.78,0.0,8.03,TX
40,1980,1.22,2.17,0.0,6.85,TX
41,1979,1.14,1.93,0.0,4.86,TX
42,1978,0.87,1.71,0.0,3.52,TX
43,1977,0.8,1.36,0.0,3.55,TX
44,1976,0.74,1.21,0.0,3.27,TX
45,1975,0.61,0.89,0.0,3.08,TX
46,1974,0.67,0.54,0.0,2.78,TX
47,1973,0.42,0.36,0.0,1.7,TX
48,1972,0.39,0.34,0.0,1.59,TX
49,1971,0.45,0.33,0.0,1.62,TX
50,1970,0.39,0.29,0.0,1.54,TX
0,2020,2.05,5.45,0.0,,UT
1,2019,1.99,5.47,0.0,21.64,UT
2,2018,2.03,6.12,0.0,22.5,UT
3,2017,1.97,6.51,0.0,19.42,UT
4,2016,1.95,6.0,0.0,17.04,UT
5,2015,1.96,6.4,0.0,19.59,UT
6,2014,2.11,6.82,0.0,27.48,UT
7,2013,2.05,6.29,0.0,28.19,UT
8,2012,1.95,5.86,0.0,28.78,UT
9,2011,1.8,6.5,0.0,28.26,UT
10,2010,1.71,6.25,0.0,22.54,UT
11,2009,1.59,6.42,0.0,18.08,UT
12,2008,1.41,7.36,0.0,25.73,UT
13,2007,1.39,7.19,0.0,20.85,UT
14,2006,1.27,8.81,0.0,18.96,UT
15,2005,1.19,8.22,0.0,16.53,UT
16,2004,1.17,6.79,0.0,13.08,UT
17,2003,1.04,5.89,0.0,10.82,UT
18,2002,0.98,5.15,0.0,9.66,UT
19,2001,1.15,6.43,0.0,10.12,UT
20,2000,1.06,4.88,0.0,10.53,UT
21,1999,1.07,4.05,0.0,8.3,UT
22,1998,1.17,4.17,0.0,7.6,UT
23,1997,1.16,3.83,0.0,8.91,UT
24,1996,1.13,3.29,0.0,8.73,UT
25,1995,1.14,3.37,0.0,7.85,UT
26,1994,1.19,3.65,0.0,7.6,UT
27,1993,1.24,3.99,0.0,7.59,UT
28,1992,1.27,4.18,0.0,7.69,UT
29,1991,1.27,4.21,0.0,7.44,UT
30,1990,1.24,4.17,0.0,8.03,UT
31,1989,1.3,3.99,0.0,7.11,UT
32,1988,1.33,3.94,0.0,6.65,UT
33,1987,1.25,4.16,0.0,6.46,UT
34,1986,1.45,4.41,0.0,6.13,UT
35,1985,1.47,4.01,0.0,7.98,UT
36,1984,1.48,4.46,0.0,7.88,UT
37,1983,1.41,3.57,0.0,7.93,UT
38,1982,1.52,3.26,0.0,9.09,UT
39,1981,1.5,2.74,0.0,9.19,UT
40,1980,1.34,2.33,0.0,7.58,UT
41,1979,1.28,2.08,0.0,5.4,UT
42,1978,1.17,1.74,0.0,3.8,UT
43,1977,1.14,1.48,0.0,3.65,UT
44,1976,1.16,1.3,0.0,3.39,UT
45,1975,0.92,1.07,0.0,3.3,UT
46,1974,0.92,0.8,0.0,2.99,UT
47,1973,0.49,0.71,0.0,2.04,UT
48,1972,0.44,0.65,0.0,1.8,UT
49,1971,0.43,0.63,0.0,1.71,UT
50,1970,0.39,0.57,0.0,1.68,UT
0,2020,0.0,7.07,0.0,,VT
1,2019,0.0,7.54,0.0,21.5,VT
2,2018,0.0,8.17,0.0,22.98,VT
3,2017,0.0,8.48,0.0,20.3,VT
4,2016,0.0,8.38,0.0,18.02,VT
5,2015,0.0,9.4,0.0,20.25,VT
6,2014,0.0,10.51,0.8,28.05,VT
7,2013,0.0,10.52,0.84,28.58,VT
8,2012,0.0,11.23,0.77,29.28,VT
9,2011,0.0,11.46,0.7,28.27,VT
10,2010,0.0,11.47,0.65,22.76,VT
11,2009,0.0,12.75,0.57,19.54,VT
12,2008,0.0,14.0,0.47,26.96,VT
13,2007,3.81,12.67,0.48,21.67,VT
14,2006,3.72,11.55,0.45,19.83,VT
15,2005,3.34,9.93,0.43,17.12,VT
16,2004,2.71,8.64,0.44,13.49,VT
17,2003,2.59,7.81,0.44,11.79,VT
18,2002,2.68,7.47,0.47,10.48,VT
19,2001,2.34,7.58,0.4,10.85,VT
20,2000,2.29,5.39,0.44,11.16,VT
21,1999,2.32,5.08,0.44,8.59,VT
22,1998,2.55,4.81,0.45,7.96,VT
23,1997,2.59,4.88,0.43,8.93,VT
24,1996,2.59,5.07,0.47,9.12,VT
25,1995,2.56,5.22,0.48,8.51,VT
26,1994,2.59,5.4,0.49,8.24,VT
27,1993,2.71,4.99,0.54,8.15,VT
28,1992,2.66,5.03,0.53,8.27,VT
29,1991,2.74,4.51,0.56,8.65,VT
30,1990,2.99,4.65,0.57,9.12,VT
31,1989,2.78,4.56,0.62,7.89,VT
32,1988,2.84,4.51,0.71,7.0,VT
33,1987,2.75,4.92,0.69,6.93,VT
34,1986,2.47,5.0,0.7,6.95,VT
35,1985,2.57,5.59,0.64,8.8,VT
36,1984,2.35,5.64,0.59,8.81,VT
37,1983,2.21,5.83,0.6,9.13,VT
38,1982,2.23,6.33,0.69,9.44,VT
39,1981,2.33,6.27,0.56,9.86,VT
40,1980,1.96,5.62,0.58,8.41,VT
41,1979,1.9,3.44,0.41,6.01,VT
42,1978,1.83,3.1,0.37,4.21,VT
43,1977,1.89,2.96,0.34,4.01,VT
44,1976,1.72,2.45,0.35,3.69,VT
45,1975,2.35,1.87,0.31,3.63,VT
46,1974,1.62,1.39,0.17,3.46,VT
47,1973,0.99,1.39,0.16,2.3,VT
48,1972,0.87,1.38,0.07,2.12,VT
49,1971,0.77,1.45,0.0,2.09,VT
50,1970,0.72,1.41,0.0,1.97,VT
0,2020,3.11,4.14,0.57,,VA
1,2019,3.57,4.98,0.59,19.12,VA
2,2018,3.03,5.69,0.63,20.35,VA
3,2017,2.99,5.28,0.66,17.87,VA
4,2016,2.98,4.82,0.65,15.85,VA
5,2015,3.11,5.6,0.63,18.07,VA
6,2014,3.46,7.74,0.61,25.87,VA
7,2013,3.62,6.73,0.71,26.82,VA
8,2012,4.04,5.98,0.54,27.32,VA
9,2011,3.91,7.67,0.32,26.65,VA
10,2010,3.53,8.11,0.54,20.84,VA
11,2009,3.31,8.67,0.53,17.36,VA
12,2008,2.93,12.49,0.49,25.02,VA
13,2007,2.57,10.88,0.52,19.68,VA
14,2006,2.5,11.39,0.52,18.3,VA
15,2005,2.36,11.58,0.44,15.65,VA
16,2004,1.97,9.58,0.46,12.1,VA
17,2003,1.69,8.61,0.46,10.31,VA
18,2002,1.73,6.62,0.44,9.19,VA
19,2001,1.63,8.23,0.44,9.46,VA
20,2000,1.38,7.0,0.43,10.06,VA
21,1999,1.42,5.32,0.44,7.57,VA
22,1998,1.45,5.32,0.45,6.97,VA
23,1997,1.47,5.96,0.43,8.25,VA
24,1996,1.49,5.35,0.42,8.45,VA
25,1995,1.51,4.47,0.46,7.75,VA
26,1994,1.51,4.66,0.45,7.41,VA
27,1993,1.52,4.92,0.43,7.44,VA
28,1992,1.53,4.62,0.43,7.56,VA
29,1991,1.56,4.65,0.53,7.64,VA
30,1990,1.59,4.62,0.47,8.02,VA
31,1989,1.57,4.95,0.39,6.88,VA
32,1988,1.57,4.4,0.53,6.4,VA
33,1987,1.59,4.53,0.56,6.39,VA
34,1986,1.69,5.06,0.53,5.91,VA
35,1985,1.79,5.68,0.55,8.11,VA
36,1984,1.82,5.8,0.53,8.03,VA
37,1983,1.7,5.9,0.46,8.18,VA
38,1982,1.95,5.09,0.55,8.93,VA
39,1981,1.93,4.04,0.59,9.2,VA
40,1980,1.71,3.62,0.74,7.49,VA
41,1979,1.67,3.03,0.48,5.09,VA
42,1978,1.61,2.72,0.47,3.78,VA
43,1977,1.4,2.49,0.43,3.67,VA
44,1976,1.2,2.02,0.33,3.34,VA
45,1975,1.3,1.71,0.28,3.16,VA
46,1974,1.3,1.33,0.26,2.83,VA
47,1973,0.5,1.11,0.25,1.73,VA
48,1972,0.47,1.06,0.25,1.54,VA
49,1971,0.5,0.99,0.0,1.49,VA
50,1970,0.42,0.96,0.0,1.49,VA
0,2020,2.28,6.8,0.65,,WA
1,2019,2.34,6.2,0.69,22.02,WA
2,2018,2.42,6.59,0.75,22.99,WA
3,2017,2.41,7.0,0.76,19.63,WA
4,2016,2.37,6.91,0.67,16.36,WA
5,2015,2.5,7.48,0.71,18.98,WA
6,2014,2.62,7.83,0.8,26.7,WA
7,2013,2.07,8.02,0.84,27.36,WA
8,2012,2.09,9.0,0.77,28.18,WA
9,2011,2.34,9.77,0.7,27.72,WA
10,2010,2.32,8.97,0.65,21.84,WA
11,2009,2.35,10.15,0.57,17.85,WA
12,2008,2.27,10.65,0.48,25.07,WA
13,2007,1.92,10.52,0.47,19.87,WA
14,2006,1.74,10.1,0.48,18.56,WA
15,2005,1.45,9.52,0.42,16.11,WA
16,2004,1.46,7.67,0.38,13.33,WA
17,2003,1.42,6.19,0.43,11.18,WA
18,2002,1.63,6.6,0.47,9.35,WA
19,2001,1.15,7.59,0.5,9.9,WA
20,2000,1.71,5.34,0.47,9.78,WA
21,1999,1.58,3.82,0.42,7.32,WA
22,1998,1.52,3.68,0.42,6.38,WA
23,1997,1.68,4.22,0.44,7.81,WA
24,1996,1.62,4.01,0.46,7.76,WA
25,1995,1.58,3.98,0.42,6.87,WA
26,1994,1.46,4.09,0.47,6.75,WA
27,1993,1.44,3.94,0.46,6.67,WA
28,1992,1.44,3.68,0.38,6.18,WA
29,1991,1.64,3.56,0.45,7.02,WA
30,1990,1.65,3.6,0.47,6.95,WA
31,1989,1.62,4.02,0.48,5.97,WA
32,1988,1.62,3.96,0.49,5.4,WA
33,1987,1.73,3.81,0.7,5.6,WA
34,1986,1.76,4.53,0.7,5.52,WA
35,1985,1.74,5.23,0.71,7.39,WA
36,1984,1.81,5.59,0.67,7.5,WA
37,1983,1.73,5.68,0.58,7.8,WA
38,1982,1.61,5.83,0.54,8.17,WA
39,1981,1.29,4.9,0.48,8.25,WA
40,1980,1.13,4.48,0.43,7.13,WA
41,1979,0.99,3.15,0.34,5.16,WA
42,1978,0.91,2.71,0.3,3.91,WA
43,1977,0.81,2.39,0.27,3.74,WA
44,1976,0.83,2.01,0.25,3.49,WA
45,1975,0.61,1.6,0.24,3.24,WA
46,1974,0.43,1.08,0.21,2.88,WA
47,1973,0.4,0.84,0.2,1.94,WA
48,1972,0.22,0.8,0.18,1.71,WA
49,1971,0.58,0.75,0.18,1.77,WA
50,1970,0.55,0.71,0.18,1.72,WA
0,2020,2.11,4.93,0.0,,WV
1,2019,2.21,5.32,0.0,20.97,WV
2,2018,2.2,5.86,0.0,22.69,WV
3,2017,2.28,5.35,0.0,20.1,WV
4,2016,2.32,5.16,0.0,17.73,WV
5,2015,2.4,6.22,0.0,19.99,WV
6,2014,2.49,7.27,0.0,28.3,WV
7,2013,2.62,6.98,0.0,28.91,WV
8,2012,2.73,7.2,0.0,29.21,WV
9,2011,2.71,7.87,0.0,28.92,WV
10,2010,2.66,8.42,0.0,22.84,WV
11,2009,2.78,10.89,0.0,19.12,WV
12,2008,2.46,12.05,0.0,24.41,WV
13,2007,1.91,10.87,0.0,19.74,WV
14,2006,1.74,11.33,0.0,18.11,WV
15,2005,1.6,11.11,0.0,16.14,WV
16,2004,1.4,8.81,0.0,12.69,WV
17,2003,1.28,7.58,0.0,11.02,WV
18,2002,1.25,5.94,0.0,9.27,WV
19,2001,1.28,6.09,0.0,10.09,WV
20,2000,1.23,5.46,0.0,10.85,WV
21,1999,1.22,4.98,0.0,8.31,WV
22,1998,1.28,4.91,0.0,7.78,WV
23,1997,1.26,4.56,0.0,9.17,WV
24,1996,1.27,4.69,0.0,9.02,WV
25,1995,1.29,4.54,0.0,8.66,WV
26,1994,1.39,4.6,0.0,8.41,WV
27,1993,1.43,4.43,0.0,8.5,WV
28,1992,1.47,4.41,0.0,8.39,WV
29,1991,1.51,4.59,0.0,8.61,WV
30,1990,1.47,4.4,0.0,8.7,WV
31,1989,1.43,4.08,0.0,7.43,WV
32,1988,1.44,4.08,0.0,6.76,WV
33,1987,1.43,4.48,0.0,6.79,WV
34,1986,1.5,4.99,0.0,6.46,WV
35,1985,1.61,5.28,0.0,8.59,WV
36,1984,1.63,5.24,0.0,8.49,WV
37,1983,1.68,5.37,0.0,8.84,WV
38,1982,1.73,4.6,0.0,9.24,WV
39,1981,1.64,3.71,0.0,9.64,WV
40,1980,1.46,3.18,0.0,8.36,WV
41,1979,1.34,2.61,0.0,5.88,WV
42,1978,1.28,2.15,0.0,4.39,WV
43,1977,1.15,2.18,0.0,4.18,WV
44,1976,1.06,1.41,0.0,3.89,WV
45,1975,1.02,1.16,0.0,3.93,WV
46,1974,0.91,0.87,0.0,3.57,WV
47,1973,0.41,0.75,0.0,2.54,WV
48,1972,0.4,0.7,0.0,2.35,WV
49,1971,0.36,0.67,0.0,2.31,WV
50,1970,0.31,0.62,0.0,2.15,WV
0,2020,2.06,4.66,0.62,,WI
1,2019,2.34,5.15,0.65,20.48,WI
2,2018,2.37,5.51,0.68,21.6,WI
3,2017,2.3,5.74,0.71,18.99,WI
4,2016,2.29,5.31,0.71,16.8,WI
5,2015,2.38,5.9,0.72,19.16,WI
6,2014,2.44,8.39,0.72,26.88,WI
7,2013,2.44,6.7,0.77,27.45,WI
8,2012,2.51,6.42,0.73,28.12,WI
9,2011,2.61,7.82,0.67,27.34,WI
10,2010,2.24,8.4,0.64,21.72,WI
11,2009,2.14,8.69,0.55,18.42,WI
12,2008,2.07,11.22,0.5,25.04,WI
13,2007,1.79,10.17,0.51,21.03,WI
14,2006,1.59,10.19,0.53,19.03,WI
15,2005,1.38,10.37,0.49,16.6,WI
16,2004,1.25,8.76,0.44,13.28,WI
17,2003,1.18,8.0,0.45,11.49,WI
18,2002,1.18,6.07,0.47,10.05,WI
19,2001,1.11,7.71,0.52,10.65,WI
20,2000,1.08,6.27,0.5,10.87,WI
21,1999,1.08,4.84,0.51,8.3,WI
22,1998,1.13,4.63,0.49,7.9,WI
23,1997,1.15,5.12,0.47,8.95,WI
24,1996,1.12,4.7,0.46,9.2,WI
25,1995,1.2,4.3,0.44,8.43,WI
26,1994,1.27,4.75,0.41,8.14,WI
27,1993,1.27,4.91,0.4,7.99,WI
28,1992,1.38,4.6,0.4,8.11,WI
29,1991,1.41,4.4,0.45,8.33,WI
30,1990,1.41,4.55,0.48,8.55,WI
31,1989,1.5,4.61,0.45,7.61,WI
32,1988,1.53,4.88,0.43,6.89,WI
33,1987,1.53,5.03,0.48,6.98,WI
34,1986,1.68,5.14,0.51,6.68,WI
35,1985,1.76,5.37,0.58,8.7,WI
36,1984,1.78,5.38,0.67,8.65,WI
37,1983,1.79,5.47,0.83,8.66,WI
38,1982,1.8,4.95,0.8,9.22,WI
39,1981,1.65,4.22,0.53,9.42,WI
40,1980,1.44,3.43,0.47,8.15,WI
41,1979,1.39,2.66,0.34,5.81,WI
42,1978,1.26,2.3,0.34,4.11,WI
43,1977,1.11,2.05,0.32,4.14,WI
44,1976,1.05,1.7,0.36,3.8,WI
45,1975,1.05,1.3,0.32,3.66,WI
46,1974,0.84,1.03,0.22,3.45,WI
47,1973,0.57,0.94,0.2,2.38,WI
48,1972,0.56,0.89,0.15,2.0,WI
49,1971,0.53,0.82,0.15,2.0,WI
50,1970,0.53,0.79,0.15,1.89,WI
0,2020,1.74,4.77,0.0,,WY
1,2019,1.69,4.61,0.0,20.63,WY
2,2018,1.73,4.77,0.0,21.72,WY
3,2017,1.71,5.27,0.0,18.56,WY
4,2016,1.71,4.97,0.0,16.2,WY
5,2015,1.67,5.92,0.0,18.49,WY
6,2014,1.63,6.67,0.0,26.02,WY
7,2013,1.56,5.58,0.0,26.48,WY
8,2012,1.48,5.61,0.0,26.91,WY
9,2011,1.52,6.35,0.0,26.47,WY
10,2010,1.31,5.92,0.0,21.15,WY
11,2009,1.19,6.81,0.0,17.18,WY
12,2008,1.18,8.1,0.0,25.93,WY
13,2007,1.1,7.01,0.0,21.14,WY
14,2006,1.03,9.24,0.0,19.5,WY
15,2005,0.97,8.47,0.0,16.99,WY
16,2004,0.89,6.88,0.0,12.74,WY
17,2003,0.85,5.47,0.0,10.46,WY
18,2002,0.82,5.09,0.0,9.24,WY
19,2001,0.8,6.6,0.0,9.66,WY
20,2000,0.82,4.48,0.0,10.04,WY
21,1999,0.79,3.7,0.0,7.84,WY
22,1998,0.81,3.62,0.0,7.23,WY
23,1997,0.83,3.54,0.0,8.23,WY
24,1996,0.84,3.25,0.0,8.43,WY
25,1995,0.84,3.43,0.0,7.77,WY
26,1994,0.83,3.66,0.0,7.57,WY
27,1993,0.83,3.7,0.0,7.53,WY
28,1992,0.79,3.17,0.0,7.73,WY
29,1991,0.86,3.48,0.0,7.64,WY
30,1990,0.86,3.57,0.0,7.93,WY
31,1989,0.89,3.82,0.0,7.09,WY
32,1988,0.88,3.75,0.0,6.18,WY
33,1987,0.91,3.93,0.0,6.1,WY
34,1986,1.0,4.01,0.0,6.16,WY
35,1985,1.01,4.28,0.0,7.57,WY
36,1984,1.05,4.54,0.0,7.73,WY
37,1983,0.97,4.24,0.0,7.87,WY
38,1982,0.84,3.97,0.0,7.98,WY
39,1981,0.8,3.02,0.0,8.39,WY
40,1980,0.7,2.45,0.0,7.34,WY
41,1979,0.62,2.37,0.0,5.22,WY
42,1978,0.53,1.67,0.0,3.75,WY
43,1977,0.47,1.22,0.0,3.62,WY
44,1976,0.39,0.88,0.0,3.44,WY
45,1975,0.31,0.71,0.0,3.33,WY
46,1974,0.28,0.52,0.0,3.0,WY
47,1973,0.21,0.45,0.0,2.0,WY
48,1972,0.19,0.45,0.0,1.76,WY
49,1971,0.16,0.47,0.0,1.78,WY
50,1970,0.16,0.38,0.0,1.77,WY
